Workbook

Sheet גביה 2026
A1: קומה | B1: דירה | C1: משפחה | D1: בעל דירה | E1: ינואר | F1: פברואר | G1: מרץ | H1: אפריל | I1: מאי | J1: יוני | K1: יולי | L1: אוגוסט | M1: ספטמבר | N1: אוקטובר | O1: נובמבר | P1: דצמבר | Q1: קופה קטנה 2026 | R1: הערות | S1: אסמסכתא | X1: חובות
A2: 1 | B2: 1 | C2: אלייב | E2: 350 | F2: 350 | G2: 350 | H2: 350 | Q2: 500 | X2: {=_xlfn.LET(_xlpm.exclude_list, {19,26,33,38}, _xlpm.current_month_idx, MONTH(TODAY()), _xlpm.month_names, {"ינואר","פברואר","מרץ","אפריל","מאי","יוני","יולי","אוגוסט","ספטמבר","אוקטובר","נובמבר","דצמבר"}, _xlpm.target, 350, _xlpm.apartment, B2, _xlpm.payments, E2:P2, IF(ISNUMBER(MATCH(_xlpm.apartment, _xlpm.exclude_list, 0)), "", _xlfn.LET(_xlpm.debt_list, _xlfn.MAP(_xlfn.SEQUENCE(1, 12), _xlpm.month_names, _xlpm.payments, _xlfn.LAMBDA(_xlpm.idx,_xlpm.m_name,_xlpm.p_val, IF(_xlpm.idx > _xlpm.current_month_idx, "", IF(OR(ISBLANK(_xlpm.p_val), _xlpm.p_val = ""), _xlpm.m_name & " (חוב " & _xlpm.target & ")", IF(_xlpm.p_val < _xlpm.target, _xlpm.m_name & " (חוב " & (_xlpm.target - _xlpm.p_val) & ")", ""))))), _xlpm.summary, _xlfn.TEXTJOIN(", ", TRUE, _xlpm.debt_list), IF(_xlpm.summary <> "", "דירה " & _xlpm.apartment & " - " & _xlpm.summary, ""))))} | Y2: {="היי, להלן רשימת הדירות שטרם העבירו 500 ש''ח לקופה הקטנה: " & _xlfn.TEXTJOIN(", ", TRUE, _xlfn._xlws.FILTER(B2:B61, Q2:Q61<>500, "אין חובות - כולם שילמו!"))}
B3: 2 | C3: פיליפ אלברט | E3: 350 | F3: 350 | G3: 350 | X3: {=_xlfn.LET(_xlpm.exclude_list, {19,26,33,38}, _xlpm.current_month_idx, MONTH(TODAY()), _xlpm.month_names, {"ינואר","פברואר","מרץ","אפריל","מאי","יוני","יולי","אוגוסט","ספטמבר","אוקטובר","נובמבר","דצמבר"}, _xlpm.target, 350, _xlpm.apartment, B3, _xlpm.payments, E3:P3, IF(ISNUMBER(MATCH(_xlpm.apartment, _xlpm.exclude_list, 0)), "", _xlfn.LET(_xlpm.debt_list, _xlfn.MAP(_xlfn.SEQUENCE(1, 12), _xlpm.month_names, _xlpm.payments, _xlfn.LAMBDA(_xlpm.idx,_xlpm.m_name,_xlpm.p_val, IF(_xlpm.idx > _xlpm.current_month_idx, "", IF(OR(ISBLANK(_xlpm.p_val), _xlpm.p_val = ""), _xlpm.m_name & " (חוב " & _xlpm.target & ")", IF(_xlpm.p_val < _xlpm.target, _xlpm.m_name & " (חוב " & (_xlpm.target - _xlpm.p_val) & ")", ""))))), _xlpm.summary, _xlfn.TEXTJOIN(", ", TRUE, _xlpm.debt_list), IF(_xlpm.summary <> "", "דירה " & _xlpm.apartment & " - " & _xlpm.summary, ""))))}
B4: 3 | C4: מנגיסטו | E4: 350 | F4: 350 | G4: 350 | H4: 350 | Q4: 500 | X4: {=_xlfn.LET(_xlpm.exclude_list, {19,26,33,38}, _xlpm.current_month_idx, MONTH(TODAY()), _xlpm.month_names, {"ינואר","פברואר","מרץ","אפריל","מאי","יוני","יולי","אוגוסט","ספטמבר","אוקטובר","נובמבר","דצמבר"}, _xlpm.target, 350, _xlpm.apartment, B4, _xlpm.payments, E4:P4, IF(ISNUMBER(MATCH(_xlpm.apartment, _xlpm.exclude_list, 0)), "", _xlfn.LET(_xlpm.debt_list, _xlfn.MAP(_xlfn.SEQUENCE(1, 12), _xlpm.month_names, _xlpm.payments, _xlfn.LAMBDA(_xlpm.idx,_xlpm.m_name,_xlpm.p_val, IF(_xlpm.idx > _xlpm.current_month_idx, "", IF(OR(ISBLANK(_xlpm.p_val), _xlpm.p_val = ""), _xlpm.m_name & " (חוב " & _xlpm.target & ")", IF(_xlpm.p_val < _xlpm.target, _xlpm.m_name & " (חוב " & (_xlpm.target - _xlpm.p_val) & ")", ""))))), _xlpm.summary, _xlfn.TEXTJOIN(", ", TRUE, _xlpm.debt_list), IF(_xlpm.summary <> "", "דירה " & _xlpm.apartment & " - " & _xlpm.summary, ""))))}
A5: 2 | B5: 4 | C5: רומנו לינצקי | E5: 350 | F5: 350 | G5: 350 | H5: 350 | X5: {=_xlfn.LET(_xlpm.exclude_list, {19,26,33,38}, _xlpm.current_month_idx, MONTH(TODAY()), _xlpm.month_names, {"ינואר","פברואר","מרץ","אפריל","מאי","יוני","יולי","אוגוסט","ספטמבר","אוקטובר","נובמבר","דצמבר"}, _xlpm.target, 350, _xlpm.apartment, B5, _xlpm.payments, E5:P5, IF(ISNUMBER(MATCH(_xlpm.apartment, _xlpm.exclude_list, 0)), "", _xlfn.LET(_xlpm.debt_list, _xlfn.MAP(_xlfn.SEQUENCE(1, 12), _xlpm.month_names, _xlpm.payments, _xlfn.LAMBDA(_xlpm.idx,_xlpm.m_name,_xlpm.p_val, IF(_xlpm.idx > _xlpm.current_month_idx, "", IF(OR(ISBLANK(_xlpm.p_val), _xlpm.p_val = ""), _xlpm.m_name & " (חוב " & _xlpm.target & ")", IF(_xlpm.p_val < _xlpm.target, _xlpm.m_name & " (חוב " & (_xlpm.target - _xlpm.p_val) & ")", ""))))), _xlpm.summary, _xlfn.TEXTJOIN(", ", TRUE, _xlpm.debt_list), IF(_xlpm.summary <> "", "דירה " & _xlpm.apartment & " - " & _xlpm.summary, ""))))}
B6: 5 | C6: ישראלי | D6: בר ברקת | E6: 350 | F6: 350 | G6: 350 | H6: 350 | Q6: 500 | S6: 4816413 | X6: {=_xlfn.LET(_xlpm.exclude_list, {19,26,33,38}, _xlpm.current_month_idx, MONTH(TODAY()), _xlpm.month_names, {"ינואר","פברואר","מרץ","אפריל","מאי","יוני","יולי","אוגוסט","ספטמבר","אוקטובר","נובמבר","דצמבר"}, _xlpm.target, 350, _xlpm.apartment, B6, _xlpm.payments, E6:P6, IF(ISNUMBER(MATCH(_xlpm.apartment, _xlpm.exclude_list, 0)), "", _xlfn.LET(_xlpm.debt_list, _xlfn.MAP(_xlfn.SEQUENCE(1, 12), _xlpm.month_names, _xlpm.payments, _xlfn.LAMBDA(_xlpm.idx,_xlpm.m_name,_xlpm.p_val, IF(_xlpm.idx > _xlpm.current_month_idx, "", IF(OR(ISBLANK(_xlpm.p_val), _xlpm.p_val = ""), _xlpm.m_name & " (חוב " & _xlpm.target & ")", IF(_xlpm.p_val < _xlpm.target, _xlpm.m_name & " (חוב " & (_xlpm.target - _xlpm.p_val) & ")", ""))))), _xlpm.summary, _xlfn.TEXTJOIN(", ", TRUE, _xlpm.debt_list), IF(_xlpm.summary <> "", "דירה " & _xlpm.apartment & " - " & _xlpm.summary, ""))))} | Y6: {="היי, להלן מצב הגבייה לקופה הקטנה:" & CHAR(10) & _xlfn.TEXTJOIN(CHAR(10), TRUE, _xlfn._xlws.FILTER("דירה " & B2:B61 & IF((Q2:Q61>0)*(Q2:Q61<500), " - חסר " & (500-Q2:Q61) & " ש''ח", ""), Q2:Q61<500, "כולם שילמו!"))}
B7: 6 | C7: רביבו | E7: 350 | F7: 350 | G7: 350 | H7: 350 | Q7: 500 | S7: 4177034 | X7: {=_xlfn.LET(_xlpm.exclude_list, {19,26,33,38}, _xlpm.current_month_idx, MONTH(TODAY()), _xlpm.month_names, {"ינואר","פברואר","מרץ","אפריל","מאי","יוני","יולי","אוגוסט","ספטמבר","אוקטובר","נובמבר","דצמבר"}, _xlpm.target, 350, _xlpm.apartment, B7, _xlpm.payments, E7:P7, IF(ISNUMBER(MATCH(_xlpm.apartment, _xlpm.exclude_list, 0)), "", _xlfn.LET(_xlpm.debt_list, _xlfn.MAP(_xlfn.SEQUENCE(1, 12), _xlpm.month_names, _xlpm.payments, _xlfn.LAMBDA(_xlpm.idx,_xlpm.m_name,_xlpm.p_val, IF(_xlpm.idx > _xlpm.current_month_idx, "", IF(OR(ISBLANK(_xlpm.p_val), _xlpm.p_val = ""), _xlpm.m_name & " (חוב " & _xlpm.target & ")", IF(_xlpm.p_val < _xlpm.target, _xlpm.m_name & " (חוב " & (_xlpm.target - _xlpm.p_val) & ")", ""))))), _xlpm.summary, _xlfn.TEXTJOIN(", ", TRUE, _xlpm.debt_list), IF(_xlpm.summary <> "", "דירה " & _xlpm.apartment & " - " & _xlpm.summary, ""))))}
B8: 7 | C8: רות וולמיר | E8: 350 | F8: 350 | G8: 350 | H8: 350 | Q8: 500 | X8: {=_xlfn.LET(_xlpm.exclude_list, {19,26,33,38}, _xlpm.current_month_idx, MONTH(TODAY()), _xlpm.month_names, {"ינואר","פברואר","מרץ","אפריל","מאי","יוני","יולי","אוגוסט","ספטמבר","אוקטובר","נובמבר","דצמבר"}, _xlpm.target, 350, _xlpm.apartment, B8, _xlpm.payments, E8:P8, IF(ISNUMBER(MATCH(_xlpm.apartment, _xlpm.exclude_list, 0)), "", _xlfn.LET(_xlpm.debt_list, _xlfn.MAP(_xlfn.SEQUENCE(1, 12), _xlpm.month_names, _xlpm.payments, _xlfn.LAMBDA(_xlpm.idx,_xlpm.m_name,_xlpm.p_val, IF(_xlpm.idx > _xlpm.current_month_idx, "", IF(OR(ISBLANK(_xlpm.p_val), _xlpm.p_val = ""), _xlpm.m_name & " (חוב " & _xlpm.target & ")", IF(_xlpm.p_val < _xlpm.target, _xlpm.m_name & " (חוב " & (_xlpm.target - _xlpm.p_val) & ")", ""))))), _xlpm.summary, _xlfn.TEXTJOIN(", ", TRUE, _xlpm.debt_list), IF(_xlpm.summary <> "", "דירה " & _xlpm.apartment & " - " & _xlpm.summary, ""))))}
B9: 8 | C9: לב ארי / לב-ארי / רונן / זפירה / מנגסטה יטמין | E9: 350 | F9: 350 | G9: 350 | H9: 350 | X9: {=_xlfn.LET(_xlpm.exclude_list, {19,26,33,38}, _xlpm.current_month_idx, MONTH(TODAY()), _xlpm.month_names, {"ינואר","פברואר","מרץ","אפריל","מאי","יוני","יולי","אוגוסט","ספטמבר","אוקטובר","נובמבר","דצמבר"}, _xlpm.target, 350, _xlpm.apartment, B9, _xlpm.payments, E9:P9, IF(ISNUMBER(MATCH(_xlpm.apartment, _xlpm.exclude_list, 0)), "", _xlfn.LET(_xlpm.debt_list, _xlfn.MAP(_xlfn.SEQUENCE(1, 12), _xlpm.month_names, _xlpm.payments, _xlfn.LAMBDA(_xlpm.idx,_xlpm.m_name,_xlpm.p_val, IF(_xlpm.idx > _xlpm.current_month_idx, "", IF(OR(ISBLANK(_xlpm.p_val), _xlpm.p_val = ""), _xlpm.m_name & " (חוב " & _xlpm.target & ")", IF(_xlpm.p_val < _xlpm.target, _xlpm.m_name & " (חוב " & (_xlpm.target - _xlpm.p_val) & ")", ""))))), _xlpm.summary, _xlfn.TEXTJOIN(", ", TRUE, _xlpm.debt_list), IF(_xlpm.summary <> "", "דירה " & _xlpm.apartment & " - " & _xlpm.summary, ""))))}
A10: 3 | B10: 9 | C10: בייבקוב | E10: 350 | F10: 350 | G10: 350 | H10: 350 | X10: {=_xlfn.LET(_xlpm.exclude_list, {19,26,33,38}, _xlpm.current_month_idx, MONTH(TODAY()), _xlpm.month_names, {"ינואר","פברואר","מרץ","אפריל","מאי","יוני","יולי","אוגוסט","ספטמבר","אוקטובר","נובמבר","דצמבר"}, _xlpm.target, 350, _xlpm.apartment, B10, _xlpm.payments, E10:P10, IF(ISNUMBER(MATCH(_xlpm.apartment, _xlpm.exclude_list, 0)), "", _xlfn.LET(_xlpm.debt_list, _xlfn.MAP(_xlfn.SEQUENCE(1, 12), _xlpm.month_names, _xlpm.payments, _xlfn.LAMBDA(_xlpm.idx,_xlpm.m_name,_xlpm.p_val, IF(_xlpm.idx > _xlpm.current_month_idx, "", IF(OR(ISBLANK(_xlpm.p_val), _xlpm.p_val = ""), _xlpm.m_name & " (חוב " & _xlpm.target & ")", IF(_xlpm.p_val < _xlpm.target, _xlpm.m_name & " (חוב " & (_xlpm.target - _xlpm.p_val) & ")", ""))))), _xlpm.summary, _xlfn.TEXTJOIN(", ", TRUE, _xlpm.debt_list), IF(_xlpm.summary <> "", "דירה " & _xlpm.apartment & " - " & _xlpm.summary, ""))))}
B11: 10 | C11: לאוניד שכטמן | E11: 350 | F11: 350 | G11: 350 | H11: 350 | S11: 4590840 | X11: {=_xlfn.LET(_xlpm.exclude_list, {19,26,33,38}, _xlpm.current_month_idx, MONTH(TODAY()), _xlpm.month_names, {"ינואר","פברואר","מרץ","אפריל","מאי","יוני","יולי","אוגוסט","ספטמבר","אוקטובר","נובמבר","דצמבר"}, _xlpm.target, 350, _xlpm.apartment, B11, _xlpm.payments, E11:P11, IF(ISNUMBER(MATCH(_xlpm.apartment, _xlpm.exclude_list, 0)), "", _xlfn.LET(_xlpm.debt_list, _xlfn.MAP(_xlfn.SEQUENCE(1, 12), _xlpm.month_names, _xlpm.payments, _xlfn.LAMBDA(_xlpm.idx,_xlpm.m_name,_xlpm.p_val, IF(_xlpm.idx > _xlpm.current_month_idx, "", IF(OR(ISBLANK(_xlpm.p_val), _xlpm.p_val = ""), _xlpm.m_name & " (חוב " & _xlpm.target & ")", IF(_xlpm.p_val < _xlpm.target, _xlpm.m_name & " (חוב " & (_xlpm.target - _xlpm.p_val) & ")", ""))))), _xlpm.summary, _xlfn.TEXTJOIN(", ", TRUE, _xlpm.debt_list), IF(_xlpm.summary <> "", "דירה " & _xlpm.apartment & " - " & _xlpm.summary, ""))))}
B12: 11 | C12: מירב לוי / חן לוי | E12: 350 | F12: 350 | G12: 350 | H12: 350 | Q12: 500 | S12: 4795693 | X12: {=_xlfn.LET(_xlpm.exclude_list, {19,26,33,38}, _xlpm.current_month_idx, MONTH(TODAY()), _xlpm.month_names, {"ינואר","פברואר","מרץ","אפריל","מאי","יוני","יולי","אוגוסט","ספטמבר","אוקטובר","נובמבר","דצמבר"}, _xlpm.target, 350, _xlpm.apartment, B12, _xlpm.payments, E12:P12, IF(ISNUMBER(MATCH(_xlpm.apartment, _xlpm.exclude_list, 0)), "", _xlfn.LET(_xlpm.debt_list, _xlfn.MAP(_xlfn.SEQUENCE(1, 12), _xlpm.month_names, _xlpm.payments, _xlfn.LAMBDA(_xlpm.idx,_xlpm.m_name,_xlpm.p_val, IF(_xlpm.idx > _xlpm.current_month_idx, "", IF(OR(ISBLANK(_xlpm.p_val), _xlpm.p_val = ""), _xlpm.m_name & " (חוב " & _xlpm.target & ")", IF(_xlpm.p_val < _xlpm.target, _xlpm.m_name & " (חוב " & (_xlpm.target - _xlpm.p_val) & ")", ""))))), _xlpm.summary, _xlfn.TEXTJOIN(", ", TRUE, _xlpm.debt_list), IF(_xlpm.summary <> "", "דירה " & _xlpm.apartment & " - " & _xlpm.summary, ""))))}
B13: 12 | C13: ברייב יולי / אלירן מנצור | E13: 350 | F13: 350 | G13: 350 | H13: 350 | I13: 30 | J13: 30 | K13: 30 | L13: 30 | M13: 30 | N13: 30 | O13: 30 | P13: 30 | Q13: 500 | X13: {=_xlfn.LET(_xlpm.exclude_list, {19,26,33,38}, _xlpm.current_month_idx, MONTH(TODAY()), _xlpm.month_names, {"ינואר","פברואר","מרץ","אפריל","מאי","יוני","יולי","אוגוסט","ספטמבר","אוקטובר","נובמבר","דצמבר"}, _xlpm.target, 350, _xlpm.apartment, B13, _xlpm.payments, E13:P13, IF(ISNUMBER(MATCH(_xlpm.apartment, _xlpm.exclude_list, 0)), "", _xlfn.LET(_xlpm.debt_list, _xlfn.MAP(_xlfn.SEQUENCE(1, 12), _xlpm.month_names, _xlpm.payments, _xlfn.LAMBDA(_xlpm.idx,_xlpm.m_name,_xlpm.p_val, IF(_xlpm.idx > _xlpm.current_month_idx, "", IF(OR(ISBLANK(_xlpm.p_val), _xlpm.p_val = ""), _xlpm.m_name & " (חוב " & _xlpm.target & ")", IF(_xlpm.p_val < _xlpm.target, _xlpm.m_name & " (חוב " & (_xlpm.target - _xlpm.p_val) & ")", ""))))), _xlpm.summary, _xlfn.TEXTJOIN(", ", TRUE, _xlpm.debt_list), IF(_xlpm.summary <> "", "דירה " & _xlpm.apartment & " - " & _xlpm.summary, ""))))}
B14: 13 | C14: בכר | E14: 350 | F14: 350 | G14: 350 | H14: 350 | X14: {=_xlfn.LET(_xlpm.exclude_list, {19,26,33,38}, _xlpm.current_month_idx, MONTH(TODAY()), _xlpm.month_names, {"ינואר","פברואר","מרץ","אפריל","מאי","יוני","יולי","אוגוסט","ספטמבר","אוקטובר","נובמבר","דצמבר"}, _xlpm.target, 350, _xlpm.apartment, B14, _xlpm.payments, E14:P14, IF(ISNUMBER(MATCH(_xlpm.apartment, _xlpm.exclude_list, 0)), "", _xlfn.LET(_xlpm.debt_list, _xlfn.MAP(_xlfn.SEQUENCE(1, 12), _xlpm.month_names, _xlpm.payments, _xlfn.LAMBDA(_xlpm.idx,_xlpm.m_name,_xlpm.p_val, IF(_xlpm.idx > _xlpm.current_month_idx, "", IF(OR(ISBLANK(_xlpm.p_val), _xlpm.p_val = ""), _xlpm.m_name & " (חוב " & _xlpm.target & ")", IF(_xlpm.p_val < _xlpm.target, _xlpm.m_name & " (חוב " & (_xlpm.target - _xlpm.p_val) & ")", ""))))), _xlpm.summary, _xlfn.TEXTJOIN(", ", TRUE, _xlpm.debt_list), IF(_xlpm.summary <> "", "דירה " & _xlpm.apartment & " - " & _xlpm.summary, ""))))}
A15: 4 | B15: 14 | C15: ירין חיים | D15: דניס סיידר | E15: 350 | F15: 350 | G15: 350 | X15: {=_xlfn.LET(_xlpm.exclude_list, {19,26,33,38}, _xlpm.current_month_idx, MONTH(TODAY()), _xlpm.month_names, {"ינואר","פברואר","מרץ","אפריל","מאי","יוני","יולי","אוגוסט","ספטמבר","אוקטובר","נובמבר","דצמבר"}, _xlpm.target, 350, _xlpm.apartment, B15, _xlpm.payments, E15:P15, IF(ISNUMBER(MATCH(_xlpm.apartment, _xlpm.exclude_list, 0)), "", _xlfn.LET(_xlpm.debt_list, _xlfn.MAP(_xlfn.SEQUENCE(1, 12), _xlpm.month_names, _xlpm.payments, _xlfn.LAMBDA(_xlpm.idx,_xlpm.m_name,_xlpm.p_val, IF(_xlpm.idx > _xlpm.current_month_idx, "", IF(OR(ISBLANK(_xlpm.p_val), _xlpm.p_val = ""), _xlpm.m_name & " (חוב " & _xlpm.target & ")", IF(_xlpm.p_val < _xlpm.target, _xlpm.m_name & " (חוב " & (_xlpm.target - _xlpm.p_val) & ")", ""))))), _xlpm.summary, _xlfn.TEXTJOIN(", ", TRUE, _xlpm.debt_list), IF(_xlpm.summary <> "", "דירה " & _xlpm.apartment & " - " & _xlpm.summary, ""))))}
B16: 15 | C16: כהן אביאל | E16: 350 | F16: 350 | G16: 350 | H16: 350 | Q16: 500 | X16: {=_xlfn.LET(_xlpm.exclude_list, {19,26,33,38}, _xlpm.current_month_idx, MONTH(TODAY()), _xlpm.month_names, {"ינואר","פברואר","מרץ","אפריל","מאי","יוני","יולי","אוגוסט","ספטמבר","אוקטובר","נובמבר","דצמבר"}, _xlpm.target, 350, _xlpm.apartment, B16, _xlpm.payments, E16:P16, IF(ISNUMBER(MATCH(_xlpm.apartment, _xlpm.exclude_list, 0)), "", _xlfn.LET(_xlpm.debt_list, _xlfn.MAP(_xlfn.SEQUENCE(1, 12), _xlpm.month_names, _xlpm.payments, _xlfn.LAMBDA(_xlpm.idx,_xlpm.m_name,_xlpm.p_val, IF(_xlpm.idx > _xlpm.current_month_idx, "", IF(OR(ISBLANK(_xlpm.p_val), _xlpm.p_val = ""), _xlpm.m_name & " (חוב " & _xlpm.target & ")", IF(_xlpm.p_val < _xlpm.target, _xlpm.m_name & " (חוב " & (_xlpm.target - _xlpm.p_val) & ")", ""))))), _xlpm.summary, _xlfn.TEXTJOIN(", ", TRUE, _xlpm.debt_list), IF(_xlpm.summary <> "", "דירה " & _xlpm.apartment & " - " & _xlpm.summary, ""))))}
B17: 16 | C17: מקייס סאספורתס | E17: 350 | F17: 350 | G17: 350 | H17: 350 | Q17: 500 | X17: {=_xlfn.LET(_xlpm.exclude_list, {19,26,33,38}, _xlpm.current_month_idx, MONTH(TODAY()), _xlpm.month_names, {"ינואר","פברואר","מרץ","אפריל","מאי","יוני","יולי","אוגוסט","ספטמבר","אוקטובר","נובמבר","דצמבר"}, _xlpm.target, 350, _xlpm.apartment, B17, _xlpm.payments, E17:P17, IF(ISNUMBER(MATCH(_xlpm.apartment, _xlpm.exclude_list, 0)), "", _xlfn.LET(_xlpm.debt_list, _xlfn.MAP(_xlfn.SEQUENCE(1, 12), _xlpm.month_names, _xlpm.payments, _xlfn.LAMBDA(_xlpm.idx,_xlpm.m_name,_xlpm.p_val, IF(_xlpm.idx > _xlpm.current_month_idx, "", IF(OR(ISBLANK(_xlpm.p_val), _xlpm.p_val = ""), _xlpm.m_name & " (חוב " & _xlpm.target & ")", IF(_xlpm.p_val < _xlpm.target, _xlpm.m_name & " (חוב " & (_xlpm.target - _xlpm.p_val) & ")", ""))))), _xlpm.summary, _xlfn.TEXTJOIN(", ", TRUE, _xlpm.debt_list), IF(_xlpm.summary <> "", "דירה " & _xlpm.apartment & " - " & _xlpm.summary, ""))))}
B18: 17 | C18: גבי שובל | E18: 350 | F18: 350 | G18: 350 | Q18: 500 | X18: {=_xlfn.LET(_xlpm.exclude_list, {19,26,33,38}, _xlpm.current_month_idx, MONTH(TODAY()), _xlpm.month_names, {"ינואר","פברואר","מרץ","אפריל","מאי","יוני","יולי","אוגוסט","ספטמבר","אוקטובר","נובמבר","דצמבר"}, _xlpm.target, 350, _xlpm.apartment, B18, _xlpm.payments, E18:P18, IF(ISNUMBER(MATCH(_xlpm.apartment, _xlpm.exclude_list, 0)), "", _xlfn.LET(_xlpm.debt_list, _xlfn.MAP(_xlfn.SEQUENCE(1, 12), _xlpm.month_names, _xlpm.payments, _xlfn.LAMBDA(_xlpm.idx,_xlpm.m_name,_xlpm.p_val, IF(_xlpm.idx > _xlpm.current_month_idx, "", IF(OR(ISBLANK(_xlpm.p_val), _xlpm.p_val = ""), _xlpm.m_name & " (חוב " & _xlpm.target & ")", IF(_xlpm.p_val < _xlpm.target, _xlpm.m_name & " (חוב " & (_xlpm.target - _xlpm.p_val) & ")", ""))))), _xlpm.summary, _xlfn.TEXTJOIN(", ", TRUE, _xlpm.debt_list), IF(_xlpm.summary <> "", "דירה " & _xlpm.apartment & " - " & _xlpm.summary, ""))))}
B19: 18 | C19: מישייב רגינה / לגסה סיטוטאו | D19: רזניק | E19: 350 | F19: 350 | G19: 350 | H19: 350 | Q19: 500 | X19: {=_xlfn.LET(_xlpm.exclude_list, {19,26,33,38}, _xlpm.current_month_idx, MONTH(TODAY()), _xlpm.month_names, {"ינואר","פברואר","מרץ","אפריל","מאי","יוני","יולי","אוגוסט","ספטמבר","אוקטובר","נובמבר","דצמבר"}, _xlpm.target, 350, _xlpm.apartment, B19, _xlpm.payments, E19:P19, IF(ISNUMBER(MATCH(_xlpm.apartment, _xlpm.exclude_list, 0)), "", _xlfn.LET(_xlpm.debt_list, _xlfn.MAP(_xlfn.SEQUENCE(1, 12), _xlpm.month_names, _xlpm.payments, _xlfn.LAMBDA(_xlpm.idx,_xlpm.m_name,_xlpm.p_val, IF(_xlpm.idx > _xlpm.current_month_idx, "", IF(OR(ISBLANK(_xlpm.p_val), _xlpm.p_val = ""), _xlpm.m_name & " (חוב " & _xlpm.target & ")", IF(_xlpm.p_val < _xlpm.target, _xlpm.m_name & " (חוב " & (_xlpm.target - _xlpm.p_val) & ")", ""))))), _xlpm.summary, _xlfn.TEXTJOIN(", ", TRUE, _xlpm.debt_list), IF(_xlpm.summary <> "", "דירה " & _xlpm.apartment & " - " & _xlpm.summary, ""))))}
A20: 5 | B20: 19 | C20: פקרסקי | Q20: 350 | X20: {=_xlfn.LET(_xlpm.exclude_list, {19,26,33,38}, _xlpm.current_month_idx, MONTH(TODAY()), _xlpm.month_names, {"ינואר","פברואר","מרץ","אפריל","מאי","יוני","יולי","אוגוסט","ספטמבר","אוקטובר","נובמבר","דצמבר"}, _xlpm.target, 350, _xlpm.apartment, B20, _xlpm.payments, E20:P20, IF(ISNUMBER(MATCH(_xlpm.apartment, _xlpm.exclude_list, 0)), "", _xlfn.LET(_xlpm.debt_list, _xlfn.MAP(_xlfn.SEQUENCE(1, 12), _xlpm.month_names, _xlpm.payments, _xlfn.LAMBDA(_xlpm.idx,_xlpm.m_name,_xlpm.p_val, IF(_xlpm.idx > _xlpm.current_month_idx, "", IF(OR(ISBLANK(_xlpm.p_val), _xlpm.p_val = ""), _xlpm.m_name & " (חוב " & _xlpm.target & ")", IF(_xlpm.p_val < _xlpm.target, _xlpm.m_name & " (חוב " & (_xlpm.target - _xlpm.p_val) & ")", ""))))), _xlpm.summary, _xlfn.TEXTJOIN(", ", TRUE, _xlpm.debt_list), IF(_xlpm.summary <> "", "דירה " & _xlpm.apartment & " - " & _xlpm.summary, ""))))}
B21: 20 | C21: פרחי נדב שי | E21: 350 | F21: 350 | G21: 350 | H21: 350 | X21: {=_xlfn.LET(_xlpm.exclude_list, {19,26,33,38}, _xlpm.current_month_idx, MONTH(TODAY()), _xlpm.month_names, {"ינואר","פברואר","מרץ","אפריל","מאי","יוני","יולי","אוגוסט","ספטמבר","אוקטובר","נובמבר","דצמבר"}, _xlpm.target, 350, _xlpm.apartment, B21, _xlpm.payments, E21:P21, IF(ISNUMBER(MATCH(_xlpm.apartment, _xlpm.exclude_list, 0)), "", _xlfn.LET(_xlpm.debt_list, _xlfn.MAP(_xlfn.SEQUENCE(1, 12), _xlpm.month_names, _xlpm.payments, _xlfn.LAMBDA(_xlpm.idx,_xlpm.m_name,_xlpm.p_val, IF(_xlpm.idx > _xlpm.current_month_idx, "", IF(OR(ISBLANK(_xlpm.p_val), _xlpm.p_val = ""), _xlpm.m_name & " (חוב " & _xlpm.target & ")", IF(_xlpm.p_val < _xlpm.target, _xlpm.m_name & " (חוב " & (_xlpm.target - _xlpm.p_val) & ")", ""))))), _xlpm.summary, _xlfn.TEXTJOIN(", ", TRUE, _xlpm.debt_list), IF(_xlpm.summary <> "", "דירה " & _xlpm.apartment & " - " & _xlpm.summary, ""))))}
B22: 21 | C22: סימקין טרוסטיאני | E22: 350 | F22: 350 | G22: 350 | H22: 350 | Q22: 500 | X22: {=_xlfn.LET(_xlpm.exclude_list, {19,26,33,38}, _xlpm.current_month_idx, MONTH(TODAY()), _xlpm.month_names, {"ינואר","פברואר","מרץ","אפריל","מאי","יוני","יולי","אוגוסט","ספטמבר","אוקטובר","נובמבר","דצמבר"}, _xlpm.target, 350, _xlpm.apartment, B22, _xlpm.payments, E22:P22, IF(ISNUMBER(MATCH(_xlpm.apartment, _xlpm.exclude_list, 0)), "", _xlfn.LET(_xlpm.debt_list, _xlfn.MAP(_xlfn.SEQUENCE(1, 12), _xlpm.month_names, _xlpm.payments, _xlfn.LAMBDA(_xlpm.idx,_xlpm.m_name,_xlpm.p_val, IF(_xlpm.idx > _xlpm.current_month_idx, "", IF(OR(ISBLANK(_xlpm.p_val), _xlpm.p_val = ""), _xlpm.m_name & " (חוב " & _xlpm.target & ")", IF(_xlpm.p_val < _xlpm.target, _xlpm.m_name & " (חוב " & (_xlpm.target - _xlpm.p_val) & ")", ""))))), _xlpm.summary, _xlfn.TEXTJOIN(", ", TRUE, _xlpm.debt_list), IF(_xlpm.summary <> "", "דירה " & _xlpm.apartment & " - " & _xlpm.summary, ""))))}
B23: 22 | C23: סוזאנה שושנה | E23: 350 | F23: 350 | G23: 350 | H23: 350 | Q23: 200 | X23: {=_xlfn.LET(_xlpm.exclude_list, {19,26,33,38}, _xlpm.current_month_idx, MONTH(TODAY()), _xlpm.month_names, {"ינואר","פברואר","מרץ","אפריל","מאי","יוני","יולי","אוגוסט","ספטמבר","אוקטובר","נובמבר","דצמבר"}, _xlpm.target, 350, _xlpm.apartment, B23, _xlpm.payments, E23:P23, IF(ISNUMBER(MATCH(_xlpm.apartment, _xlpm.exclude_list, 0)), "", _xlfn.LET(_xlpm.debt_list, _xlfn.MAP(_xlfn.SEQUENCE(1, 12), _xlpm.month_names, _xlpm.payments, _xlfn.LAMBDA(_xlpm.idx,_xlpm.m_name,_xlpm.p_val, IF(_xlpm.idx > _xlpm.current_month_idx, "", IF(OR(ISBLANK(_xlpm.p_val), _xlpm.p_val = ""), _xlpm.m_name & " (חוב " & _xlpm.target & ")", IF(_xlpm.p_val < _xlpm.target, _xlpm.m_name & " (חוב " & (_xlpm.target - _xlpm.p_val) & ")", ""))))), _xlpm.summary, _xlfn.TEXTJOIN(", ", TRUE, _xlpm.debt_list), IF(_xlpm.summary <> "", "דירה " & _xlpm.apartment & " - " & _xlpm.summary, ""))))}
B24: 23 | C24: ממן אושרי | E24: 350 | F24: 350 | G24: 350 | H24: 350 | Q24: 500 | X24: {=_xlfn.LET(_xlpm.exclude_list, {19,26,33,38}, _xlpm.current_month_idx, MONTH(TODAY()), _xlpm.month_names, {"ינואר","פברואר","מרץ","אפריל","מאי","יוני","יולי","אוגוסט","ספטמבר","אוקטובר","נובמבר","דצמבר"}, _xlpm.target, 350, _xlpm.apartment, B24, _xlpm.payments, E24:P24, IF(ISNUMBER(MATCH(_xlpm.apartment, _xlpm.exclude_list, 0)), "", _xlfn.LET(_xlpm.debt_list, _xlfn.MAP(_xlfn.SEQUENCE(1, 12), _xlpm.month_names, _xlpm.payments, _xlfn.LAMBDA(_xlpm.idx,_xlpm.m_name,_xlpm.p_val, IF(_xlpm.idx > _xlpm.current_month_idx, "", IF(OR(ISBLANK(_xlpm.p_val), _xlpm.p_val = ""), _xlpm.m_name & " (חוב " & _xlpm.target & ")", IF(_xlpm.p_val < _xlpm.target, _xlpm.m_name & " (חוב " & (_xlpm.target - _xlpm.p_val) & ")", ""))))), _xlpm.summary, _xlfn.TEXTJOIN(", ", TRUE, _xlpm.debt_list), IF(_xlpm.summary <> "", "דירה " & _xlpm.apartment & " - " & _xlpm.summary, ""))))}
A25: 6 | B25: 24 | C25: לב משה | E25: 350 | F25: 350 | G25: 350 | H25: 350 | Q25: 500 | X25: {=_xlfn.LET(_xlpm.exclude_list, {19,26,33,38}, _xlpm.current_month_idx, MONTH(TODAY()), _xlpm.month_names, {"ינואר","פברואר","מרץ","אפריל","מאי","יוני","יולי","אוגוסט","ספטמבר","אוקטובר","נובמבר","דצמבר"}, _xlpm.target, 350, _xlpm.apartment, B25, _xlpm.payments, E25:P25, IF(ISNUMBER(MATCH(_xlpm.apartment, _xlpm.exclude_list, 0)), "", _xlfn.LET(_xlpm.debt_list, _xlfn.MAP(_xlfn.SEQUENCE(1, 12), _xlpm.month_names, _xlpm.payments, _xlfn.LAMBDA(_xlpm.idx,_xlpm.m_name,_xlpm.p_val, IF(_xlpm.idx > _xlpm.current_month_idx, "", IF(OR(ISBLANK(_xlpm.p_val), _xlpm.p_val = ""), _xlpm.m_name & " (חוב " & _xlpm.target & ")", IF(_xlpm.p_val < _xlpm.target, _xlpm.m_name & " (חוב " & (_xlpm.target - _xlpm.p_val) & ")", ""))))), _xlpm.summary, _xlfn.TEXTJOIN(", ", TRUE, _xlpm.debt_list), IF(_xlpm.summary <> "", "דירה " & _xlpm.apartment & " - " & _xlpm.summary, ""))))}
B26: 25 | C26: דון דז'נשבילי / כחלון שלו | D26: בן לולו מרדכי | E26: 350 | F26: 350 | G26: 350 | H26: 350 | Q26: 500 | X26: {=_xlfn.LET(_xlpm.exclude_list, {19,26,33,38}, _xlpm.current_month_idx, MONTH(TODAY()), _xlpm.month_names, {"ינואר","פברואר","מרץ","אפריל","מאי","יוני","יולי","אוגוסט","ספטמבר","אוקטובר","נובמבר","דצמבר"}, _xlpm.target, 350, _xlpm.apartment, B26, _xlpm.payments, E26:P26, IF(ISNUMBER(MATCH(_xlpm.apartment, _xlpm.exclude_list, 0)), "", _xlfn.LET(_xlpm.debt_list, _xlfn.MAP(_xlfn.SEQUENCE(1, 12), _xlpm.month_names, _xlpm.payments, _xlfn.LAMBDA(_xlpm.idx,_xlpm.m_name,_xlpm.p_val, IF(_xlpm.idx > _xlpm.current_month_idx, "", IF(OR(ISBLANK(_xlpm.p_val), _xlpm.p_val = ""), _xlpm.m_name & " (חוב " & _xlpm.target & ")", IF(_xlpm.p_val < _xlpm.target, _xlpm.m_name & " (חוב " & (_xlpm.target - _xlpm.p_val) & ")", ""))))), _xlpm.summary, _xlfn.TEXTJOIN(", ", TRUE, _xlpm.debt_list), IF(_xlpm.summary <> "", "דירה " & _xlpm.apartment & " - " & _xlpm.summary, ""))))}
B27: 26 | C27: שוורץ | Q27: 500 | X27: {=_xlfn.LET(_xlpm.exclude_list, {19,26,33,38}, _xlpm.current_month_idx, MONTH(TODAY()), _xlpm.month_names, {"ינואר","פברואר","מרץ","אפריל","מאי","יוני","יולי","אוגוסט","ספטמבר","אוקטובר","נובמבר","דצמבר"}, _xlpm.target, 350, _xlpm.apartment, B27, _xlpm.payments, E27:P27, IF(ISNUMBER(MATCH(_xlpm.apartment, _xlpm.exclude_list, 0)), "", _xlfn.LET(_xlpm.debt_list, _xlfn.MAP(_xlfn.SEQUENCE(1, 12), _xlpm.month_names, _xlpm.payments, _xlfn.LAMBDA(_xlpm.idx,_xlpm.m_name,_xlpm.p_val, IF(_xlpm.idx > _xlpm.current_month_idx, "", IF(OR(ISBLANK(_xlpm.p_val), _xlpm.p_val = ""), _xlpm.m_name & " (חוב " & _xlpm.target & ")", IF(_xlpm.p_val < _xlpm.target, _xlpm.m_name & " (חוב " & (_xlpm.target - _xlpm.p_val) & ")", ""))))), _xlpm.summary, _xlfn.TEXTJOIN(", ", TRUE, _xlpm.debt_list), IF(_xlpm.summary <> "", "דירה " & _xlpm.apartment & " - " & _xlpm.summary, ""))))}
B28: 27 | C28: אליזבט בינשטוק | E28: 350 | F28: 350 | G28: 350 | H28: 350 | Q28: 500 | S28: 4696863 | X28: {=_xlfn.LET(_xlpm.exclude_list, {19,26,33,38}, _xlpm.current_month_idx, MONTH(TODAY()), _xlpm.month_names, {"ינואר","פברואר","מרץ","אפריל","מאי","יוני","יולי","אוגוסט","ספטמבר","אוקטובר","נובמבר","דצמבר"}, _xlpm.target, 350, _xlpm.apartment, B28, _xlpm.payments, E28:P28, IF(ISNUMBER(MATCH(_xlpm.apartment, _xlpm.exclude_list, 0)), "", _xlfn.LET(_xlpm.debt_list, _xlfn.MAP(_xlfn.SEQUENCE(1, 12), _xlpm.month_names, _xlpm.payments, _xlfn.LAMBDA(_xlpm.idx,_xlpm.m_name,_xlpm.p_val, IF(_xlpm.idx > _xlpm.current_month_idx, "", IF(OR(ISBLANK(_xlpm.p_val), _xlpm.p_val = ""), _xlpm.m_name & " (חוב " & _xlpm.target & ")", IF(_xlpm.p_val < _xlpm.target, _xlpm.m_name & " (חוב " & (_xlpm.target - _xlpm.p_val) & ")", ""))))), _xlpm.summary, _xlfn.TEXTJOIN(", ", TRUE, _xlpm.debt_list), IF(_xlpm.summary <> "", "דירה " & _xlpm.apartment & " - " & _xlpm.summary, ""))))}
B29: 28 | C29: וולושין אלכסנדר | E29: 350 | F29: 350 | G29: 350 | H29: 350 | Q29: 500 | S29: 4832180 | X29: {=_xlfn.LET(_xlpm.exclude_list, {19,26,33,38}, _xlpm.current_month_idx, MONTH(TODAY()), _xlpm.month_names, {"ינואר","פברואר","מרץ","אפריל","מאי","יוני","יולי","אוגוסט","ספטמבר","אוקטובר","נובמבר","דצמבר"}, _xlpm.target, 350, _xlpm.apartment, B29, _xlpm.payments, E29:P29, IF(ISNUMBER(MATCH(_xlpm.apartment, _xlpm.exclude_list, 0)), "", _xlfn.LET(_xlpm.debt_list, _xlfn.MAP(_xlfn.SEQUENCE(1, 12), _xlpm.month_names, _xlpm.payments, _xlfn.LAMBDA(_xlpm.idx,_xlpm.m_name,_xlpm.p_val, IF(_xlpm.idx > _xlpm.current_month_idx, "", IF(OR(ISBLANK(_xlpm.p_val), _xlpm.p_val = ""), _xlpm.m_name & " (חוב " & _xlpm.target & ")", IF(_xlpm.p_val < _xlpm.target, _xlpm.m_name & " (חוב " & (_xlpm.target - _xlpm.p_val) & ")", ""))))), _xlpm.summary, _xlfn.TEXTJOIN(", ", TRUE, _xlpm.debt_list), IF(_xlpm.summary <> "", "דירה " & _xlpm.apartment & " - " & _xlpm.summary, ""))))}
A30: 7 | B30: 29 | C30: קשר ספורט | D30: לואי הזימה | E30: 350 | F30: 350 | G30: 350 | H30: 350 | I30: 350 | J30: 350 | Q30: 500 | X30: {=_xlfn.LET(_xlpm.exclude_list, {19,26,33,38}, _xlpm.current_month_idx, MONTH(TODAY()), _xlpm.month_names, {"ינואר","פברואר","מרץ","אפריל","מאי","יוני","יולי","אוגוסט","ספטמבר","אוקטובר","נובמבר","דצמבר"}, _xlpm.target, 350, _xlpm.apartment, B30, _xlpm.payments, E30:P30, IF(ISNUMBER(MATCH(_xlpm.apartment, _xlpm.exclude_list, 0)), "", _xlfn.LET(_xlpm.debt_list, _xlfn.MAP(_xlfn.SEQUENCE(1, 12), _xlpm.month_names, _xlpm.payments, _xlfn.LAMBDA(_xlpm.idx,_xlpm.m_name,_xlpm.p_val, IF(_xlpm.idx > _xlpm.current_month_idx, "", IF(OR(ISBLANK(_xlpm.p_val), _xlpm.p_val = ""), _xlpm.m_name & " (חוב " & _xlpm.target & ")", IF(_xlpm.p_val < _xlpm.target, _xlpm.m_name & " (חוב " & (_xlpm.target - _xlpm.p_val) & ")", ""))))), _xlpm.summary, _xlfn.TEXTJOIN(", ", TRUE, _xlpm.debt_list), IF(_xlpm.summary <> "", "דירה " & _xlpm.apartment & " - " & _xlpm.summary, ""))))}
B31: 30 | C31: מזרחי / אסולין יעקב | E31: 350 | F31: 350 | G31: 350 | H31: 350 | Q31: 500 | X31: {=_xlfn.LET(_xlpm.exclude_list, {19,26,33,38}, _xlpm.current_month_idx, MONTH(TODAY()), _xlpm.month_names, {"ינואר","פברואר","מרץ","אפריל","מאי","יוני","יולי","אוגוסט","ספטמבר","אוקטובר","נובמבר","דצמבר"}, _xlpm.target, 350, _xlpm.apartment, B31, _xlpm.payments, E31:P31, IF(ISNUMBER(MATCH(_xlpm.apartment, _xlpm.exclude_list, 0)), "", _xlfn.LET(_xlpm.debt_list, _xlfn.MAP(_xlfn.SEQUENCE(1, 12), _xlpm.month_names, _xlpm.payments, _xlfn.LAMBDA(_xlpm.idx,_xlpm.m_name,_xlpm.p_val, IF(_xlpm.idx > _xlpm.current_month_idx, "", IF(OR(ISBLANK(_xlpm.p_val), _xlpm.p_val = ""), _xlpm.m_name & " (חוב " & _xlpm.target & ")", IF(_xlpm.p_val < _xlpm.target, _xlpm.m_name & " (חוב " & (_xlpm.target - _xlpm.p_val) & ")", ""))))), _xlpm.summary, _xlfn.TEXTJOIN(", ", TRUE, _xlpm.debt_list), IF(_xlpm.summary <> "", "דירה " & _xlpm.apartment & " - " & _xlpm.summary, ""))))}
B32: 31 | C32: זאדה הודיה | E32: 350 | F32: 350 | G32: 350 | H32: 350 | Q32: 500 | X32: {=_xlfn.LET(_xlpm.exclude_list, {19,26,33,38}, _xlpm.current_month_idx, MONTH(TODAY()), _xlpm.month_names, {"ינואר","פברואר","מרץ","אפריל","מאי","יוני","יולי","אוגוסט","ספטמבר","אוקטובר","נובמבר","דצמבר"}, _xlpm.target, 350, _xlpm.apartment, B32, _xlpm.payments, E32:P32, IF(ISNUMBER(MATCH(_xlpm.apartment, _xlpm.exclude_list, 0)), "", _xlfn.LET(_xlpm.debt_list, _xlfn.MAP(_xlfn.SEQUENCE(1, 12), _xlpm.month_names, _xlpm.payments, _xlfn.LAMBDA(_xlpm.idx,_xlpm.m_name,_xlpm.p_val, IF(_xlpm.idx > _xlpm.current_month_idx, "", IF(OR(ISBLANK(_xlpm.p_val), _xlpm.p_val = ""), _xlpm.m_name & " (חוב " & _xlpm.target & ")", IF(_xlpm.p_val < _xlpm.target, _xlpm.m_name & " (חוב " & (_xlpm.target - _xlpm.p_val) & ")", ""))))), _xlpm.summary, _xlfn.TEXTJOIN(", ", TRUE, _xlpm.debt_list), IF(_xlpm.summary <> "", "דירה " & _xlpm.apartment & " - " & _xlpm.summary, ""))))}
B33: 32 | C33: ריזק | E33: 350 | F33: 350 | G33: 350 | H33: 350 | Q33: 500 | S33: 4684245 | X33: {=_xlfn.LET(_xlpm.exclude_list, {19,26,33,38}, _xlpm.current_month_idx, MONTH(TODAY()), _xlpm.month_names, {"ינואר","פברואר","מרץ","אפריל","מאי","יוני","יולי","אוגוסט","ספטמבר","אוקטובר","נובמבר","דצמבר"}, _xlpm.target, 350, _xlpm.apartment, B33, _xlpm.payments, E33:P33, IF(ISNUMBER(MATCH(_xlpm.apartment, _xlpm.exclude_list, 0)), "", _xlfn.LET(_xlpm.debt_list, _xlfn.MAP(_xlfn.SEQUENCE(1, 12), _xlpm.month_names, _xlpm.payments, _xlfn.LAMBDA(_xlpm.idx,_xlpm.m_name,_xlpm.p_val, IF(_xlpm.idx > _xlpm.current_month_idx, "", IF(OR(ISBLANK(_xlpm.p_val), _xlpm.p_val = ""), _xlpm.m_name & " (חוב " & _xlpm.target & ")", IF(_xlpm.p_val < _xlpm.target, _xlpm.m_name & " (חוב " & (_xlpm.target - _xlpm.p_val) & ")", ""))))), _xlpm.summary, _xlfn.TEXTJOIN(", ", TRUE, _xlpm.debt_list), IF(_xlpm.summary <> "", "דירה " & _xlpm.apartment & " - " & _xlpm.summary, ""))))}
B34: 33 | C34: וילצר | Q34: 500 | X34: {=_xlfn.LET(_xlpm.exclude_list, {19,26,33,38}, _xlpm.current_month_idx, MONTH(TODAY()), _xlpm.month_names, {"ינואר","פברואר","מרץ","אפריל","מאי","יוני","יולי","אוגוסט","ספטמבר","אוקטובר","נובמבר","דצמבר"}, _xlpm.target, 350, _xlpm.apartment, B34, _xlpm.payments, E34:P34, IF(ISNUMBER(MATCH(_xlpm.apartment, _xlpm.exclude_list, 0)), "", _xlfn.LET(_xlpm.debt_list, _xlfn.MAP(_xlfn.SEQUENCE(1, 12), _xlpm.month_names, _xlpm.payments, _xlfn.LAMBDA(_xlpm.idx,_xlpm.m_name,_xlpm.p_val, IF(_xlpm.idx > _xlpm.current_month_idx, "", IF(OR(ISBLANK(_xlpm.p_val), _xlpm.p_val = ""), _xlpm.m_name & " (חוב " & _xlpm.target & ")", IF(_xlpm.p_val < _xlpm.target, _xlpm.m_name & " (חוב " & (_xlpm.target - _xlpm.p_val) & ")", ""))))), _xlpm.summary, _xlfn.TEXTJOIN(", ", TRUE, _xlpm.debt_list), IF(_xlpm.summary <> "", "דירה " & _xlpm.apartment & " - " & _xlpm.summary, ""))))}
A35: 8 | B35: 34 | C35: סיגלוב דימיטרי | E35: 350 | F35: 350 | G35: 350 | H35: 350 | Q35: 500 | X35: {=_xlfn.LET(_xlpm.exclude_list, {19,26,33,38}, _xlpm.current_month_idx, MONTH(TODAY()), _xlpm.month_names, {"ינואר","פברואר","מרץ","אפריל","מאי","יוני","יולי","אוגוסט","ספטמבר","אוקטובר","נובמבר","דצמבר"}, _xlpm.target, 350, _xlpm.apartment, B35, _xlpm.payments, E35:P35, IF(ISNUMBER(MATCH(_xlpm.apartment, _xlpm.exclude_list, 0)), "", _xlfn.LET(_xlpm.debt_list, _xlfn.MAP(_xlfn.SEQUENCE(1, 12), _xlpm.month_names, _xlpm.payments, _xlfn.LAMBDA(_xlpm.idx,_xlpm.m_name,_xlpm.p_val, IF(_xlpm.idx > _xlpm.current_month_idx, "", IF(OR(ISBLANK(_xlpm.p_val), _xlpm.p_val = ""), _xlpm.m_name & " (חוב " & _xlpm.target & ")", IF(_xlpm.p_val < _xlpm.target, _xlpm.m_name & " (חוב " & (_xlpm.target - _xlpm.p_val) & ")", ""))))), _xlpm.summary, _xlfn.TEXTJOIN(", ", TRUE, _xlpm.debt_list), IF(_xlpm.summary <> "", "דירה " & _xlpm.apartment & " - " & _xlpm.summary, ""))))}
B36: 35 | C36: גלמן אירינה | E36: 350 | F36: 350 | G36: 350 | H36: 350 | Q36: 500 | S36: 4775354 | X36: {=_xlfn.LET(_xlpm.exclude_list, {19,26,33,38}, _xlpm.current_month_idx, MONTH(TODAY()), _xlpm.month_names, {"ינואר","פברואר","מרץ","אפריל","מאי","יוני","יולי","אוגוסט","ספטמבר","אוקטובר","נובמבר","דצמבר"}, _xlpm.target, 350, _xlpm.apartment, B36, _xlpm.payments, E36:P36, IF(ISNUMBER(MATCH(_xlpm.apartment, _xlpm.exclude_list, 0)), "", _xlfn.LET(_xlpm.debt_list, _xlfn.MAP(_xlfn.SEQUENCE(1, 12), _xlpm.month_names, _xlpm.payments, _xlfn.LAMBDA(_xlpm.idx,_xlpm.m_name,_xlpm.p_val, IF(_xlpm.idx > _xlpm.current_month_idx, "", IF(OR(ISBLANK(_xlpm.p_val), _xlpm.p_val = ""), _xlpm.m_name & " (חוב " & _xlpm.target & ")", IF(_xlpm.p_val < _xlpm.target, _xlpm.m_name & " (חוב " & (_xlpm.target - _xlpm.p_val) & ")", ""))))), _xlpm.summary, _xlfn.TEXTJOIN(", ", TRUE, _xlpm.debt_list), IF(_xlpm.summary <> "", "דירה " & _xlpm.apartment & " - " & _xlpm.summary, ""))))}
B37: 36 | C37: יונה חמד | E37: 350 | F37: 350 | G37: 350 | H37: 350 | X37: {=_xlfn.LET(_xlpm.exclude_list, {19,26,33,38}, _xlpm.current_month_idx, MONTH(TODAY()), _xlpm.month_names, {"ינואר","פברואר","מרץ","אפריל","מאי","יוני","יולי","אוגוסט","ספטמבר","אוקטובר","נובמבר","דצמבר"}, _xlpm.target, 350, _xlpm.apartment, B37, _xlpm.payments, E37:P37, IF(ISNUMBER(MATCH(_xlpm.apartment, _xlpm.exclude_list, 0)), "", _xlfn.LET(_xlpm.debt_list, _xlfn.MAP(_xlfn.SEQUENCE(1, 12), _xlpm.month_names, _xlpm.payments, _xlfn.LAMBDA(_xlpm.idx,_xlpm.m_name,_xlpm.p_val, IF(_xlpm.idx > _xlpm.current_month_idx, "", IF(OR(ISBLANK(_xlpm.p_val), _xlpm.p_val = ""), _xlpm.m_name & " (חוב " & _xlpm.target & ")", IF(_xlpm.p_val < _xlpm.target, _xlpm.m_name & " (חוב " & (_xlpm.target - _xlpm.p_val) & ")", ""))))), _xlpm.summary, _xlfn.TEXTJOIN(", ", TRUE, _xlpm.debt_list), IF(_xlpm.summary <> "", "דירה " & _xlpm.apartment & " - " & _xlpm.summary, ""))))}
B38: 37 | C38: חיון / ספיר אלון / מהרי פקדה | D38: קליגר אדוארד | E38: 350 | F38: 350 | G38: 350 | X38: {=_xlfn.LET(_xlpm.exclude_list, {19,26,33,38}, _xlpm.current_month_idx, MONTH(TODAY()), _xlpm.month_names, {"ינואר","פברואר","מרץ","אפריל","מאי","יוני","יולי","אוגוסט","ספטמבר","אוקטובר","נובמבר","דצמבר"}, _xlpm.target, 350, _xlpm.apartment, B38, _xlpm.payments, E38:P38, IF(ISNUMBER(MATCH(_xlpm.apartment, _xlpm.exclude_list, 0)), "", _xlfn.LET(_xlpm.debt_list, _xlfn.MAP(_xlfn.SEQUENCE(1, 12), _xlpm.month_names, _xlpm.payments, _xlfn.LAMBDA(_xlpm.idx,_xlpm.m_name,_xlpm.p_val, IF(_xlpm.idx > _xlpm.current_month_idx, "", IF(OR(ISBLANK(_xlpm.p_val), _xlpm.p_val = ""), _xlpm.m_name & " (חוב " & _xlpm.target & ")", IF(_xlpm.p_val < _xlpm.target, _xlpm.m_name & " (חוב " & (_xlpm.target - _xlpm.p_val) & ")", ""))))), _xlpm.summary, _xlfn.TEXTJOIN(", ", TRUE, _xlpm.debt_list), IF(_xlpm.summary <> "", "דירה " & _xlpm.apartment & " - " & _xlpm.summary, ""))))}
B39: 38 | C39: ברכה | X39: {=_xlfn.LET(_xlpm.exclude_list, {19,26,33,38}, _xlpm.current_month_idx, MONTH(TODAY()), _xlpm.month_names, {"ינואר","פברואר","מרץ","אפריל","מאי","יוני","יולי","אוגוסט","ספטמבר","אוקטובר","נובמבר","דצמבר"}, _xlpm.target, 350, _xlpm.apartment, B39, _xlpm.payments, E39:P39, IF(ISNUMBER(MATCH(_xlpm.apartment, _xlpm.exclude_list, 0)), "", _xlfn.LET(_xlpm.debt_list, _xlfn.MAP(_xlfn.SEQUENCE(1, 12), _xlpm.month_names, _xlpm.payments, _xlfn.LAMBDA(_xlpm.idx,_xlpm.m_name,_xlpm.p_val, IF(_xlpm.idx > _xlpm.current_month_idx, "", IF(OR(ISBLANK(_xlpm.p_val), _xlpm.p_val = ""), _xlpm.m_name & " (חוב " & _xlpm.target & ")", IF(_xlpm.p_val < _xlpm.target, _xlpm.m_name & " (חוב " & (_xlpm.target - _xlpm.p_val) & ")", ""))))), _xlpm.summary, _xlfn.TEXTJOIN(", ", TRUE, _xlpm.debt_list), IF(_xlpm.summary <> "", "דירה " & _xlpm.apartment & " - " & _xlpm.summary, ""))))}
A40: 9 | B40: 39 | C40: פריידמן נטליה | E40: 350 | F40: 350 | G40: 350 | H40: 350 | Q40: 500 | S40: 4668970 | X40: {=_xlfn.LET(_xlpm.exclude_list, {19,26,33,38}, _xlpm.current_month_idx, MONTH(TODAY()), _xlpm.month_names, {"ינואר","פברואר","מרץ","אפריל","מאי","יוני","יולי","אוגוסט","ספטמבר","אוקטובר","נובמבר","דצמבר"}, _xlpm.target, 350, _xlpm.apartment, B40, _xlpm.payments, E40:P40, IF(ISNUMBER(MATCH(_xlpm.apartment, _xlpm.exclude_list, 0)), "", _xlfn.LET(_xlpm.debt_list, _xlfn.MAP(_xlfn.SEQUENCE(1, 12), _xlpm.month_names, _xlpm.payments, _xlfn.LAMBDA(_xlpm.idx,_xlpm.m_name,_xlpm.p_val, IF(_xlpm.idx > _xlpm.current_month_idx, "", IF(OR(ISBLANK(_xlpm.p_val), _xlpm.p_val = ""), _xlpm.m_name & " (חוב " & _xlpm.target & ")", IF(_xlpm.p_val < _xlpm.target, _xlpm.m_name & " (חוב " & (_xlpm.target - _xlpm.p_val) & ")", ""))))), _xlpm.summary, _xlfn.TEXTJOIN(", ", TRUE, _xlpm.debt_list), IF(_xlpm.summary <> "", "דירה " & _xlpm.apartment & " - " & _xlpm.summary, ""))))}
B41: 40 | C41: אסרף אורטל | E41: 350 | F41: 350 | G41: 350 | H41: 350 | I41: 30 | J41: 30 | K41: 30 | L41: 30 | M41: 30 | N41: 30 | Q41: 500 | X41: {=_xlfn.LET(_xlpm.exclude_list, {19,26,33,38}, _xlpm.current_month_idx, MONTH(TODAY()), _xlpm.month_names, {"ינואר","פברואר","מרץ","אפריל","מאי","יוני","יולי","אוגוסט","ספטמבר","אוקטובר","נובמבר","דצמבר"}, _xlpm.target, 350, _xlpm.apartment, B41, _xlpm.payments, E41:P41, IF(ISNUMBER(MATCH(_xlpm.apartment, _xlpm.exclude_list, 0)), "", _xlfn.LET(_xlpm.debt_list, _xlfn.MAP(_xlfn.SEQUENCE(1, 12), _xlpm.month_names, _xlpm.payments, _xlfn.LAMBDA(_xlpm.idx,_xlpm.m_name,_xlpm.p_val, IF(_xlpm.idx > _xlpm.current_month_idx, "", IF(OR(ISBLANK(_xlpm.p_val), _xlpm.p_val = ""), _xlpm.m_name & " (חוב " & _xlpm.target & ")", IF(_xlpm.p_val < _xlpm.target, _xlpm.m_name & " (חוב " & (_xlpm.target - _xlpm.p_val) & ")", ""))))), _xlpm.summary, _xlfn.TEXTJOIN(", ", TRUE, _xlpm.debt_list), IF(_xlpm.summary <> "", "דירה " & _xlpm.apartment & " - " & _xlpm.summary, ""))))}
B42: 41 | C42: רועי בן שושן | E42: 350 | F42: 350 | G42: 350 | H42: 350 | X42: {=_xlfn.LET(_xlpm.exclude_list, {19,26,33,38}, _xlpm.current_month_idx, MONTH(TODAY()), _xlpm.month_names, {"ינואר","פברואר","מרץ","אפריל","מאי","יוני","יולי","אוגוסט","ספטמבר","אוקטובר","נובמבר","דצמבר"}, _xlpm.target, 350, _xlpm.apartment, B42, _xlpm.payments, E42:P42, IF(ISNUMBER(MATCH(_xlpm.apartment, _xlpm.exclude_list, 0)), "", _xlfn.LET(_xlpm.debt_list, _xlfn.MAP(_xlfn.SEQUENCE(1, 12), _xlpm.month_names, _xlpm.payments, _xlfn.LAMBDA(_xlpm.idx,_xlpm.m_name,_xlpm.p_val, IF(_xlpm.idx > _xlpm.current_month_idx, "", IF(OR(ISBLANK(_xlpm.p_val), _xlpm.p_val = ""), _xlpm.m_name & " (חוב " & _xlpm.target & ")", IF(_xlpm.p_val < _xlpm.target, _xlpm.m_name & " (חוב " & (_xlpm.target - _xlpm.p_val) & ")", ""))))), _xlpm.summary, _xlfn.TEXTJOIN(", ", TRUE, _xlpm.debt_list), IF(_xlpm.summary <> "", "דירה " & _xlpm.apartment & " - " & _xlpm.summary, ""))))}
B43: 42 | C43: זלץ | E43: 350 | F43: 350 | G43: 350 | H43: 350 | X43: {=_xlfn.LET(_xlpm.exclude_list, {19,26,33,38}, _xlpm.current_month_idx, MONTH(TODAY()), _xlpm.month_names, {"ינואר","פברואר","מרץ","אפריל","מאי","יוני","יולי","אוגוסט","ספטמבר","אוקטובר","נובמבר","דצמבר"}, _xlpm.target, 350, _xlpm.apartment, B43, _xlpm.payments, E43:P43, IF(ISNUMBER(MATCH(_xlpm.apartment, _xlpm.exclude_list, 0)), "", _xlfn.LET(_xlpm.debt_list, _xlfn.MAP(_xlfn.SEQUENCE(1, 12), _xlpm.month_names, _xlpm.payments, _xlfn.LAMBDA(_xlpm.idx,_xlpm.m_name,_xlpm.p_val, IF(_xlpm.idx > _xlpm.current_month_idx, "", IF(OR(ISBLANK(_xlpm.p_val), _xlpm.p_val = ""), _xlpm.m_name & " (חוב " & _xlpm.target & ")", IF(_xlpm.p_val < _xlpm.target, _xlpm.m_name & " (חוב " & (_xlpm.target - _xlpm.p_val) & ")", ""))))), _xlpm.summary, _xlfn.TEXTJOIN(", ", TRUE, _xlpm.debt_list), IF(_xlpm.summary <> "", "דירה " & _xlpm.apartment & " - " & _xlpm.summary, ""))))}
B44: 43 | C44: שליאק | E44: 350 | F44: 350 | G44: 350 | H44: 350 | Q44: 500 | S44: 4789577 | X44: {=_xlfn.LET(_xlpm.exclude_list, {19,26,33,38}, _xlpm.current_month_idx, MONTH(TODAY()), _xlpm.month_names, {"ינואר","פברואר","מרץ","אפריל","מאי","יוני","יולי","אוגוסט","ספטמבר","אוקטובר","נובמבר","דצמבר"}, _xlpm.target, 350, _xlpm.apartment, B44, _xlpm.payments, E44:P44, IF(ISNUMBER(MATCH(_xlpm.apartment, _xlpm.exclude_list, 0)), "", _xlfn.LET(_xlpm.debt_list, _xlfn.MAP(_xlfn.SEQUENCE(1, 12), _xlpm.month_names, _xlpm.payments, _xlfn.LAMBDA(_xlpm.idx,_xlpm.m_name,_xlpm.p_val, IF(_xlpm.idx > _xlpm.current_month_idx, "", IF(OR(ISBLANK(_xlpm.p_val), _xlpm.p_val = ""), _xlpm.m_name & " (חוב " & _xlpm.target & ")", IF(_xlpm.p_val < _xlpm.target, _xlpm.m_name & " (חוב " & (_xlpm.target - _xlpm.p_val) & ")", ""))))), _xlpm.summary, _xlfn.TEXTJOIN(", ", TRUE, _xlpm.debt_list), IF(_xlpm.summary <> "", "דירה " & _xlpm.apartment & " - " & _xlpm.summary, ""))))}
A45: 10 | B45: 44 | C45: צ'רניאק בוריס | E45: 350 | F45: 350 | G45: 350 | H45: 350 | Q45: 500 | X45: {=_xlfn.LET(_xlpm.exclude_list, {19,26,33,38}, _xlpm.current_month_idx, MONTH(TODAY()), _xlpm.month_names, {"ינואר","פברואר","מרץ","אפריל","מאי","יוני","יולי","אוגוסט","ספטמבר","אוקטובר","נובמבר","דצמבר"}, _xlpm.target, 350, _xlpm.apartment, B45, _xlpm.payments, E45:P45, IF(ISNUMBER(MATCH(_xlpm.apartment, _xlpm.exclude_list, 0)), "", _xlfn.LET(_xlpm.debt_list, _xlfn.MAP(_xlfn.SEQUENCE(1, 12), _xlpm.month_names, _xlpm.payments, _xlfn.LAMBDA(_xlpm.idx,_xlpm.m_name,_xlpm.p_val, IF(_xlpm.idx > _xlpm.current_month_idx, "", IF(OR(ISBLANK(_xlpm.p_val), _xlpm.p_val = ""), _xlpm.m_name & " (חוב " & _xlpm.target & ")", IF(_xlpm.p_val < _xlpm.target, _xlpm.m_name & " (חוב " & (_xlpm.target - _xlpm.p_val) & ")", ""))))), _xlpm.summary, _xlfn.TEXTJOIN(", ", TRUE, _xlpm.debt_list), IF(_xlpm.summary <> "", "דירה " & _xlpm.apartment & " - " & _xlpm.summary, ""))))}
B46: 45 | C46: אלינה סגל / לאוניד סיגל (מנוח) / טטיאנה סיגל | E46: 350 | F46: 350 | G46: 350 | H46: 350 | Q46: 500 | S46: 4727351 | X46: {=_xlfn.LET(_xlpm.exclude_list, {19,26,33,38}, _xlpm.current_month_idx, MONTH(TODAY()), _xlpm.month_names, {"ינואר","פברואר","מרץ","אפריל","מאי","יוני","יולי","אוגוסט","ספטמבר","אוקטובר","נובמבר","דצמבר"}, _xlpm.target, 350, _xlpm.apartment, B46, _xlpm.payments, E46:P46, IF(ISNUMBER(MATCH(_xlpm.apartment, _xlpm.exclude_list, 0)), "", _xlfn.LET(_xlpm.debt_list, _xlfn.MAP(_xlfn.SEQUENCE(1, 12), _xlpm.month_names, _xlpm.payments, _xlfn.LAMBDA(_xlpm.idx,_xlpm.m_name,_xlpm.p_val, IF(_xlpm.idx > _xlpm.current_month_idx, "", IF(OR(ISBLANK(_xlpm.p_val), _xlpm.p_val = ""), _xlpm.m_name & " (חוב " & _xlpm.target & ")", IF(_xlpm.p_val < _xlpm.target, _xlpm.m_name & " (חוב " & (_xlpm.target - _xlpm.p_val) & ")", ""))))), _xlpm.summary, _xlfn.TEXTJOIN(", ", TRUE, _xlpm.debt_list), IF(_xlpm.summary <> "", "דירה " & _xlpm.apartment & " - " & _xlpm.summary, ""))))}
B47: 46 | C47: קוטיגרו מיכאל | E47: 350 | F47: 350 | G47: 350 | H47: 350 | Q47: 500 | S47: 4512636 | X47: {=_xlfn.LET(_xlpm.exclude_list, {19,26,33,38}, _xlpm.current_month_idx, MONTH(TODAY()), _xlpm.month_names, {"ינואר","פברואר","מרץ","אפריל","מאי","יוני","יולי","אוגוסט","ספטמבר","אוקטובר","נובמבר","דצמבר"}, _xlpm.target, 350, _xlpm.apartment, B47, _xlpm.payments, E47:P47, IF(ISNUMBER(MATCH(_xlpm.apartment, _xlpm.exclude_list, 0)), "", _xlfn.LET(_xlpm.debt_list, _xlfn.MAP(_xlfn.SEQUENCE(1, 12), _xlpm.month_names, _xlpm.payments, _xlfn.LAMBDA(_xlpm.idx,_xlpm.m_name,_xlpm.p_val, IF(_xlpm.idx > _xlpm.current_month_idx, "", IF(OR(ISBLANK(_xlpm.p_val), _xlpm.p_val = ""), _xlpm.m_name & " (חוב " & _xlpm.target & ")", IF(_xlpm.p_val < _xlpm.target, _xlpm.m_name & " (חוב " & (_xlpm.target - _xlpm.p_val) & ")", ""))))), _xlpm.summary, _xlfn.TEXTJOIN(", ", TRUE, _xlpm.debt_list), IF(_xlpm.summary <> "", "דירה " & _xlpm.apartment & " - " & _xlpm.summary, ""))))}
B48: 47 | C48: משה דדון | E48: 350 | F48: 350 | G48: 350 | H48: 350 | I48: 350 | J48: 350 | K48: 350 | L48: 350 | M48: 350 | N48: 350 | O48: 350 | P48: 350 | Q48: 500 | R48: שילם מזומן לכל השנה | S48: 4514854 | X48: {=_xlfn.LET(_xlpm.exclude_list, {19,26,33,38}, _xlpm.current_month_idx, MONTH(TODAY()), _xlpm.month_names, {"ינואר","פברואר","מרץ","אפריל","מאי","יוני","יולי","אוגוסט","ספטמבר","אוקטובר","נובמבר","דצמבר"}, _xlpm.target, 350, _xlpm.apartment, B48, _xlpm.payments, E48:P48, IF(ISNUMBER(MATCH(_xlpm.apartment, _xlpm.exclude_list, 0)), "", _xlfn.LET(_xlpm.debt_list, _xlfn.MAP(_xlfn.SEQUENCE(1, 12), _xlpm.month_names, _xlpm.payments, _xlfn.LAMBDA(_xlpm.idx,_xlpm.m_name,_xlpm.p_val, IF(_xlpm.idx > _xlpm.current_month_idx, "", IF(OR(ISBLANK(_xlpm.p_val), _xlpm.p_val = ""), _xlpm.m_name & " (חוב " & _xlpm.target & ")", IF(_xlpm.p_val < _xlpm.target, _xlpm.m_name & " (חוב " & (_xlpm.target - _xlpm.p_val) & ")", ""))))), _xlpm.summary, _xlfn.TEXTJOIN(", ", TRUE, _xlpm.debt_list), IF(_xlpm.summary <> "", "דירה " & _xlpm.apartment & " - " & _xlpm.summary, ""))))}
B49: 48 | C49: רובקין מרגריטה | E49: 350 | F49: 350 | G49: 350 | H49: 350 | Q49: 500 | X49: {=_xlfn.LET(_xlpm.exclude_list, {19,26,33,38}, _xlpm.current_month_idx, MONTH(TODAY()), _xlpm.month_names, {"ינואר","פברואר","מרץ","אפריל","מאי","יוני","יולי","אוגוסט","ספטמבר","אוקטובר","נובמבר","דצמבר"}, _xlpm.target, 350, _xlpm.apartment, B49, _xlpm.payments, E49:P49, IF(ISNUMBER(MATCH(_xlpm.apartment, _xlpm.exclude_list, 0)), "", _xlfn.LET(_xlpm.debt_list, _xlfn.MAP(_xlfn.SEQUENCE(1, 12), _xlpm.month_names, _xlpm.payments, _xlfn.LAMBDA(_xlpm.idx,_xlpm.m_name,_xlpm.p_val, IF(_xlpm.idx > _xlpm.current_month_idx, "", IF(OR(ISBLANK(_xlpm.p_val), _xlpm.p_val = ""), _xlpm.m_name & " (חוב " & _xlpm.target & ")", IF(_xlpm.p_val < _xlpm.target, _xlpm.m_name & " (חוב " & (_xlpm.target - _xlpm.p_val) & ")", ""))))), _xlpm.summary, _xlfn.TEXTJOIN(", ", TRUE, _xlpm.debt_list), IF(_xlpm.summary <> "", "דירה " & _xlpm.apartment & " - " & _xlpm.summary, ""))))}
A50: 11 | B50: 49 | C50: ברנר | D50: קוסובסקי מור | E50: 350 | F50: 350 | G50: 350 | H50: 350 | R50: הו"ק ב29 לכל חודש | S50: 4837872 | X50: {=_xlfn.LET(_xlpm.exclude_list, {19,26,33,38}, _xlpm.current_month_idx, MONTH(TODAY()), _xlpm.month_names, {"ינואר","פברואר","מרץ","אפריל","מאי","יוני","יולי","אוגוסט","ספטמבר","אוקטובר","נובמבר","דצמבר"}, _xlpm.target, 350, _xlpm.apartment, B50, _xlpm.payments, E50:P50, IF(ISNUMBER(MATCH(_xlpm.apartment, _xlpm.exclude_list, 0)), "", _xlfn.LET(_xlpm.debt_list, _xlfn.MAP(_xlfn.SEQUENCE(1, 12), _xlpm.month_names, _xlpm.payments, _xlfn.LAMBDA(_xlpm.idx,_xlpm.m_name,_xlpm.p_val, IF(_xlpm.idx > _xlpm.current_month_idx, "", IF(OR(ISBLANK(_xlpm.p_val), _xlpm.p_val = ""), _xlpm.m_name & " (חוב " & _xlpm.target & ")", IF(_xlpm.p_val < _xlpm.target, _xlpm.m_name & " (חוב " & (_xlpm.target - _xlpm.p_val) & ")", ""))))), _xlpm.summary, _xlfn.TEXTJOIN(", ", TRUE, _xlpm.debt_list), IF(_xlpm.summary <> "", "דירה " & _xlpm.apartment & " - " & _xlpm.summary, ""))))}
B51: 50 | C51: מיכאל / אופליה זבולונוב / זבוליוב | E51: 320 | F51: 350 | G51: 350 | H51: 350 | R51: חוב נוב + דצ +ינו 30X3 שקל | S51: 4509096 | X51: {=_xlfn.LET(_xlpm.exclude_list, {19,26,33,38}, _xlpm.current_month_idx, MONTH(TODAY()), _xlpm.month_names, {"ינואר","פברואר","מרץ","אפריל","מאי","יוני","יולי","אוגוסט","ספטמבר","אוקטובר","נובמבר","דצמבר"}, _xlpm.target, 350, _xlpm.apartment, B51, _xlpm.payments, E51:P51, IF(ISNUMBER(MATCH(_xlpm.apartment, _xlpm.exclude_list, 0)), "", _xlfn.LET(_xlpm.debt_list, _xlfn.MAP(_xlfn.SEQUENCE(1, 12), _xlpm.month_names, _xlpm.payments, _xlfn.LAMBDA(_xlpm.idx,_xlpm.m_name,_xlpm.p_val, IF(_xlpm.idx > _xlpm.current_month_idx, "", IF(OR(ISBLANK(_xlpm.p_val), _xlpm.p_val = ""), _xlpm.m_name & " (חוב " & _xlpm.target & ")", IF(_xlpm.p_val < _xlpm.target, _xlpm.m_name & " (חוב " & (_xlpm.target - _xlpm.p_val) & ")", ""))))), _xlpm.summary, _xlfn.TEXTJOIN(", ", TRUE, _xlpm.debt_list), IF(_xlpm.summary <> "", "דירה " & _xlpm.apartment & " - " & _xlpm.summary, ""))))}
B52: 51 | C52: אריסון / קטרין קוט / אייל לוי | D52: אייל לוי בונה | E52: 350 | F52: 350 | G52: 350 | H52: 350 | S52: 4691410 | X52: {=_xlfn.LET(_xlpm.exclude_list, {19,26,33,38}, _xlpm.current_month_idx, MONTH(TODAY()), _xlpm.month_names, {"ינואר","פברואר","מרץ","אפריל","מאי","יוני","יולי","אוגוסט","ספטמבר","אוקטובר","נובמבר","דצמבר"}, _xlpm.target, 350, _xlpm.apartment, B52, _xlpm.payments, E52:P52, IF(ISNUMBER(MATCH(_xlpm.apartment, _xlpm.exclude_list, 0)), "", _xlfn.LET(_xlpm.debt_list, _xlfn.MAP(_xlfn.SEQUENCE(1, 12), _xlpm.month_names, _xlpm.payments, _xlfn.LAMBDA(_xlpm.idx,_xlpm.m_name,_xlpm.p_val, IF(_xlpm.idx > _xlpm.current_month_idx, "", IF(OR(ISBLANK(_xlpm.p_val), _xlpm.p_val = ""), _xlpm.m_name & " (חוב " & _xlpm.target & ")", IF(_xlpm.p_val < _xlpm.target, _xlpm.m_name & " (חוב " & (_xlpm.target - _xlpm.p_val) & ")", ""))))), _xlpm.summary, _xlfn.TEXTJOIN(", ", TRUE, _xlpm.debt_list), IF(_xlpm.summary <> "", "דירה " & _xlpm.apartment & " - " & _xlpm.summary, ""))))}
B53: 52 | C53: פולונסקי | E53: 350 | F53: 350 | G53: 350 | H53: 350 | Q53: 500 | X53: {=_xlfn.LET(_xlpm.exclude_list, {19,26,33,38}, _xlpm.current_month_idx, MONTH(TODAY()), _xlpm.month_names, {"ינואר","פברואר","מרץ","אפריל","מאי","יוני","יולי","אוגוסט","ספטמבר","אוקטובר","נובמבר","דצמבר"}, _xlpm.target, 350, _xlpm.apartment, B53, _xlpm.payments, E53:P53, IF(ISNUMBER(MATCH(_xlpm.apartment, _xlpm.exclude_list, 0)), "", _xlfn.LET(_xlpm.debt_list, _xlfn.MAP(_xlfn.SEQUENCE(1, 12), _xlpm.month_names, _xlpm.payments, _xlfn.LAMBDA(_xlpm.idx,_xlpm.m_name,_xlpm.p_val, IF(_xlpm.idx > _xlpm.current_month_idx, "", IF(OR(ISBLANK(_xlpm.p_val), _xlpm.p_val = ""), _xlpm.m_name & " (חוב " & _xlpm.target & ")", IF(_xlpm.p_val < _xlpm.target, _xlpm.m_name & " (חוב " & (_xlpm.target - _xlpm.p_val) & ")", ""))))), _xlpm.summary, _xlfn.TEXTJOIN(", ", TRUE, _xlpm.debt_list), IF(_xlpm.summary <> "", "דירה " & _xlpm.apartment & " - " & _xlpm.summary, ""))))}
B54: 53 | C54: בן לולו | E54: 350 | F54: 350 | R54: הו"ק ב28 לכל חודש | X54: {=_xlfn.LET(_xlpm.exclude_list, {19,26,33,38}, _xlpm.current_month_idx, MONTH(TODAY()), _xlpm.month_names, {"ינואר","פברואר","מרץ","אפריל","מאי","יוני","יולי","אוגוסט","ספטמבר","אוקטובר","נובמבר","דצמבר"}, _xlpm.target, 350, _xlpm.apartment, B54, _xlpm.payments, E54:P54, IF(ISNUMBER(MATCH(_xlpm.apartment, _xlpm.exclude_list, 0)), "", _xlfn.LET(_xlpm.debt_list, _xlfn.MAP(_xlfn.SEQUENCE(1, 12), _xlpm.month_names, _xlpm.payments, _xlfn.LAMBDA(_xlpm.idx,_xlpm.m_name,_xlpm.p_val, IF(_xlpm.idx > _xlpm.current_month_idx, "", IF(OR(ISBLANK(_xlpm.p_val), _xlpm.p_val = ""), _xlpm.m_name & " (חוב " & _xlpm.target & ")", IF(_xlpm.p_val < _xlpm.target, _xlpm.m_name & " (חוב " & (_xlpm.target - _xlpm.p_val) & ")", ""))))), _xlpm.summary, _xlfn.TEXTJOIN(", ", TRUE, _xlpm.debt_list), IF(_xlpm.summary <> "", "דירה " & _xlpm.apartment & " - " & _xlpm.summary, ""))))}
A55: 12 | B55: 54 | C55: אמור יוספה / ברכה | E55: 350 | F55: 350 | G55: 350 | H55: 350 | S55: 4763312 | X55: {=_xlfn.LET(_xlpm.exclude_list, {19,26,33,38}, _xlpm.current_month_idx, MONTH(TODAY()), _xlpm.month_names, {"ינואר","פברואר","מרץ","אפריל","מאי","יוני","יולי","אוגוסט","ספטמבר","אוקטובר","נובמבר","דצמבר"}, _xlpm.target, 350, _xlpm.apartment, B55, _xlpm.payments, E55:P55, IF(ISNUMBER(MATCH(_xlpm.apartment, _xlpm.exclude_list, 0)), "", _xlfn.LET(_xlpm.debt_list, _xlfn.MAP(_xlfn.SEQUENCE(1, 12), _xlpm.month_names, _xlpm.payments, _xlfn.LAMBDA(_xlpm.idx,_xlpm.m_name,_xlpm.p_val, IF(_xlpm.idx > _xlpm.current_month_idx, "", IF(OR(ISBLANK(_xlpm.p_val), _xlpm.p_val = ""), _xlpm.m_name & " (חוב " & _xlpm.target & ")", IF(_xlpm.p_val < _xlpm.target, _xlpm.m_name & " (חוב " & (_xlpm.target - _xlpm.p_val) & ")", ""))))), _xlpm.summary, _xlfn.TEXTJOIN(", ", TRUE, _xlpm.debt_list), IF(_xlpm.summary <> "", "דירה " & _xlpm.apartment & " - " & _xlpm.summary, ""))))}
B56: 55 | C56: שרון פוליאנסקי / מוגילבסקי | D56: רוזן אילנית | E56: 350 | F56: 350 | G56: 350 | H56: 350 | Q56: 500 | X56: {=_xlfn.LET(_xlpm.exclude_list, {19,26,33,38}, _xlpm.current_month_idx, MONTH(TODAY()), _xlpm.month_names, {"ינואר","פברואר","מרץ","אפריל","מאי","יוני","יולי","אוגוסט","ספטמבר","אוקטובר","נובמבר","דצמבר"}, _xlpm.target, 350, _xlpm.apartment, B56, _xlpm.payments, E56:P56, IF(ISNUMBER(MATCH(_xlpm.apartment, _xlpm.exclude_list, 0)), "", _xlfn.LET(_xlpm.debt_list, _xlfn.MAP(_xlfn.SEQUENCE(1, 12), _xlpm.month_names, _xlpm.payments, _xlfn.LAMBDA(_xlpm.idx,_xlpm.m_name,_xlpm.p_val, IF(_xlpm.idx > _xlpm.current_month_idx, "", IF(OR(ISBLANK(_xlpm.p_val), _xlpm.p_val = ""), _xlpm.m_name & " (חוב " & _xlpm.target & ")", IF(_xlpm.p_val < _xlpm.target, _xlpm.m_name & " (חוב " & (_xlpm.target - _xlpm.p_val) & ")", ""))))), _xlpm.summary, _xlfn.TEXTJOIN(", ", TRUE, _xlpm.debt_list), IF(_xlpm.summary <> "", "דירה " & _xlpm.apartment & " - " & _xlpm.summary, ""))))}
B57: 56 | C57: נחשון / אלון אגוזי / שוקי ברכה | D57: גל ברזני | E57: 350 | F57: 350 | G57: 350 | H57: 350 | Q57: 500 | S57: 4587785 | X57: {=_xlfn.LET(_xlpm.exclude_list, {19,26,33,38}, _xlpm.current_month_idx, MONTH(TODAY()), _xlpm.month_names, {"ינואר","פברואר","מרץ","אפריל","מאי","יוני","יולי","אוגוסט","ספטמבר","אוקטובר","נובמבר","דצמבר"}, _xlpm.target, 350, _xlpm.apartment, B57, _xlpm.payments, E57:P57, IF(ISNUMBER(MATCH(_xlpm.apartment, _xlpm.exclude_list, 0)), "", _xlfn.LET(_xlpm.debt_list, _xlfn.MAP(_xlfn.SEQUENCE(1, 12), _xlpm.month_names, _xlpm.payments, _xlfn.LAMBDA(_xlpm.idx,_xlpm.m_name,_xlpm.p_val, IF(_xlpm.idx > _xlpm.current_month_idx, "", IF(OR(ISBLANK(_xlpm.p_val), _xlpm.p_val = ""), _xlpm.m_name & " (חוב " & _xlpm.target & ")", IF(_xlpm.p_val < _xlpm.target, _xlpm.m_name & " (חוב " & (_xlpm.target - _xlpm.p_val) & ")", ""))))), _xlpm.summary, _xlfn.TEXTJOIN(", ", TRUE, _xlpm.debt_list), IF(_xlpm.summary <> "", "דירה " & _xlpm.apartment & " - " & _xlpm.summary, ""))))}
B58: 57 | C58: אל איי הנדסה / צרור עדן / מימוס | E58: 350 | F58: 350 | G58: 350 | H58: 350 | X58: {=_xlfn.LET(_xlpm.exclude_list, {19,26,33,38}, _xlpm.current_month_idx, MONTH(TODAY()), _xlpm.month_names, {"ינואר","פברואר","מרץ","אפריל","מאי","יוני","יולי","אוגוסט","ספטמבר","אוקטובר","נובמבר","דצמבר"}, _xlpm.target, 350, _xlpm.apartment, B58, _xlpm.payments, E58:P58, IF(ISNUMBER(MATCH(_xlpm.apartment, _xlpm.exclude_list, 0)), "", _xlfn.LET(_xlpm.debt_list, _xlfn.MAP(_xlfn.SEQUENCE(1, 12), _xlpm.month_names, _xlpm.payments, _xlfn.LAMBDA(_xlpm.idx,_xlpm.m_name,_xlpm.p_val, IF(_xlpm.idx > _xlpm.current_month_idx, "", IF(OR(ISBLANK(_xlpm.p_val), _xlpm.p_val = ""), _xlpm.m_name & " (חוב " & _xlpm.target & ")", IF(_xlpm.p_val < _xlpm.target, _xlpm.m_name & " (חוב " & (_xlpm.target - _xlpm.p_val) & ")", ""))))), _xlpm.summary, _xlfn.TEXTJOIN(", ", TRUE, _xlpm.debt_list), IF(_xlpm.summary <> "", "דירה " & _xlpm.apartment & " - " & _xlpm.summary, ""))))}
B59: 58 | C59: סמעאן סיסלה | E59: 350 | F59: 350 | G59: 350 | H59: 350 | S59: 4660306 | X59: {=_xlfn.LET(_xlpm.exclude_list, {19,26,33,38}, _xlpm.current_month_idx, MONTH(TODAY()), _xlpm.month_names, {"ינואר","פברואר","מרץ","אפריל","מאי","יוני","יולי","אוגוסט","ספטמבר","אוקטובר","נובמבר","דצמבר"}, _xlpm.target, 350, _xlpm.apartment, B59, _xlpm.payments, E59:P59, IF(ISNUMBER(MATCH(_xlpm.apartment, _xlpm.exclude_list, 0)), "", _xlfn.LET(_xlpm.debt_list, _xlfn.MAP(_xlfn.SEQUENCE(1, 12), _xlpm.month_names, _xlpm.payments, _xlfn.LAMBDA(_xlpm.idx,_xlpm.m_name,_xlpm.p_val, IF(_xlpm.idx > _xlpm.current_month_idx, "", IF(OR(ISBLANK(_xlpm.p_val), _xlpm.p_val = ""), _xlpm.m_name & " (חוב " & _xlpm.target & ")", IF(_xlpm.p_val < _xlpm.target, _xlpm.m_name & " (חוב " & (_xlpm.target - _xlpm.p_val) & ")", ""))))), _xlpm.summary, _xlfn.TEXTJOIN(", ", TRUE, _xlpm.debt_list), IF(_xlpm.summary <> "", "דירה " & _xlpm.apartment & " - " & _xlpm.summary, ""))))}
A60: 13 | B60: 59 | C60: איטח ענת / רפי | E60: 350 | F60: 350 | G60: 350 | H60: 350 | S60: חרזי / עינב | X60: {=_xlfn.LET(_xlpm.exclude_list, {19,26,33,38}, _xlpm.current_month_idx, MONTH(TODAY()), _xlpm.month_names, {"ינואר","פברואר","מרץ","אפריל","מאי","יוני","יולי","אוגוסט","ספטמבר","אוקטובר","נובמבר","דצמבר"}, _xlpm.target, 350, _xlpm.apartment, B60, _xlpm.payments, E60:P60, IF(ISNUMBER(MATCH(_xlpm.apartment, _xlpm.exclude_list, 0)), "", _xlfn.LET(_xlpm.debt_list, _xlfn.MAP(_xlfn.SEQUENCE(1, 12), _xlpm.month_names, _xlpm.payments, _xlfn.LAMBDA(_xlpm.idx,_xlpm.m_name,_xlpm.p_val, IF(_xlpm.idx > _xlpm.current_month_idx, "", IF(OR(ISBLANK(_xlpm.p_val), _xlpm.p_val = ""), _xlpm.m_name & " (חוב " & _xlpm.target & ")", IF(_xlpm.p_val < _xlpm.target, _xlpm.m_name & " (חוב " & (_xlpm.target - _xlpm.p_val) & ")", ""))))), _xlpm.summary, _xlfn.TEXTJOIN(", ", TRUE, _xlpm.debt_list), IF(_xlpm.summary <> "", "דירה " & _xlpm.apartment & " - " & _xlpm.summary, ""))))}
B61: 60 | C61: נוי טויזר / גל שרביט | D61: כהן עידן/מורן | E61: 350 | F61: 350 | G61: 350 | H61: 350 | Q61: 500 | S61: 4613527 | X61: {=_xlfn.LET(_xlpm.exclude_list, {19,26,33,38}, _xlpm.current_month_idx, MONTH(TODAY()), _xlpm.month_names, {"ינואר","פברואר","מרץ","אפריל","מאי","יוני","יולי","אוגוסט","ספטמבר","אוקטובר","נובמבר","דצמבר"}, _xlpm.target, 350, _xlpm.apartment, B61, _xlpm.payments, E61:P61, IF(ISNUMBER(MATCH(_xlpm.apartment, _xlpm.exclude_list, 0)), "", _xlfn.LET(_xlpm.debt_list, _xlfn.MAP(_xlfn.SEQUENCE(1, 12), _xlpm.month_names, _xlpm.payments, _xlfn.LAMBDA(_xlpm.idx,_xlpm.m_name,_xlpm.p_val, IF(_xlpm.idx > _xlpm.current_month_idx, "", IF(OR(ISBLANK(_xlpm.p_val), _xlpm.p_val = ""), _xlpm.m_name & " (חוב " & _xlpm.target & ")", IF(_xlpm.p_val < _xlpm.target, _xlpm.m_name & " (חוב " & (_xlpm.target - _xlpm.p_val) & ")", ""))))), _xlpm.summary, _xlfn.TEXTJOIN(", ", TRUE, _xlpm.debt_list), IF(_xlpm.summary <> "", "דירה " & _xlpm.apartment & " - " & _xlpm.summary, ""))))}
B62: סה"כ | E62: =SUM(E2:E61) | F62: =SUM(F2:F61) | G62: =SUM(G2:G61) | H62: =SUM(H2:H61) | I62: =SUM(I2:I61) | J62: =SUM(J2:J61) | K62: =SUM(K2:K61) | L62: =SUM(L2:L61) | ... Q62: =SUM(Q2:Q61)
B63: יעד | E63: =56*350 | F63: =56*350 | G63: =56*350 | H63: =56*350 | I63: =56*350 | J63: =56*350 | K63: =56*350 | L63: =56*350 | ... P63: =56*350 | Q63: 30000
B64: פער | E64: =E62/E63 | F64: =F62/F63 | G64: =G62/G63 | H64: =H62/H63 | I64: =I62/I63 | J64: =J62/J63 | K64: =K62/K63 | L64: =L62/L63 | ... Q64: =Q62/Q63
B65: תשלום חובות
B66: הכנסות נוספות | E66: 17503 | R66: ינ - ביטוח שריפה
C68: חבר ועד | X68: ריכוז חובות לשליחה
C69: מזומן | X69: ="היי, להלן רשימת החובות המעודכנת:" & CHAR(10) & _xlfn.TEXTJOIN(CHAR(10), TRUE, X2:X61)
B72: בנק לאומי
B73: סניף 885
B74: 37554/82

Sheet הוצאות 2026
A1: הוצאה | B1: ינואר 25 | C1: פברואר 25 | D1: מרץ 25 | E1: אפריל 25 | F1: מאי 25 | G1: יוני 25 | H1: יולי 25 | I1: אוגוסט 25 | J1: ספטמבר 25 | K1: אוקטובר 25 | L1: נובמבר 25 | M1: דצמבר 25 | N1: ממוצא חודשי | O1: סה"כ שנתי
A2: יניב אחזקות | B2: 7500 | C2: 7500 | D2: 7500 | E2: 7500 | N2: =AVERAGE(Table2[[#This Row],[ינואר 25]:[דצמבר 25]]) | O2: =SUM(Table2[[#This Row],[ינואר 25]:[דצמבר 25]])
A3: קונה מעליות | B3: 4361.79 | C3: 4361.79 | D3: 4549.48 | E3: 4558.28 | N3: =AVERAGE(Table2[[#This Row],[ינואר 25]:[דצמבר 25]]) | O3: =SUM(Table2[[#This Row],[ינואר 25]:[דצמבר 25]])
A4: חשמל ציבורי | B4: 3545.6 | C4: 3595.06 | D4: 3233.77 | E4: 3353.66 | N4: =AVERAGE(Table2[[#This Row],[ינואר 25]:[דצמבר 25]]) | O4: =SUM(Table2[[#This Row],[ינואר 25]:[דצמבר 25]])
A5: גינון | B5: 1500 | C5: 900 | D5: 900 | E5: 900 | N5: =AVERAGE(Table2[[#This Row],[ינואר 25]:[דצמבר 25]]) | O5: =SUM(Table2[[#This Row],[ינואר 25]:[דצמבר 25]])
A6: ביטוח | B6: 981 | C6: 982 | D6: 979 | E6: 981 | N6: =AVERAGE(Table2[[#This Row],[ינואר 25]:[דצמבר 25]]) | O6: =SUM(Table2[[#This Row],[ינואר 25]:[דצמבר 25]])
A7: ארדן בטיחות | B7: 780.11 | C7: 780.11 | D7: 780.11 | N7: =AVERAGE(Table2[[#This Row],[ינואר 25]:[דצמבר 25]]) | O7: =SUM(Table2[[#This Row],[ינואר 25]:[דצמבר 25]])
A8: פרטנר | B8: 90.77 | C8: 90.77 | D8: 90.77 | E8: 90.77 | N8: =AVERAGE(Table2[[#This Row],[ינואר 25]:[דצמבר 25]]) | O8: =SUM(Table2[[#This Row],[ינואר 25]:[דצמבר 25]])
A9: Novula - מסך טלויזיה | B9: 0 | C9: 0 | D9: =77+74.25 | E9: 77 | N9: =AVERAGE(Table2[[#This Row],[ינואר 25]:[דצמבר 25]]) | O9: =SUM(Table2[[#This Row],[ינואר 25]:[דצמבר 25]])
A10: בזק | B10: 24.57 | C10: 0 | D10: =24.57+24.57 | E10: 24.57 | N10: =AVERAGE(Table2[[#This Row],[ינואר 25]:[דצמבר 25]]) | O10: =SUM(Table2[[#This Row],[ינואר 25]:[דצמבר 25]])
A11: מסלול בנק | B11: 25 | C11: 25 | D11: 25 | E11: 25 | N11: =AVERAGE(Table2[[#This Row],[ינואר 25]:[דצמבר 25]]) | O11: =SUM(Table2[[#This Row],[ינואר 25]:[דצמבר 25]])
A12: עמלות בנק | B12: 14.85 | C12: 14.85 | D12: 24.75 | E12: 26.4 | N12: =AVERAGE(Table2[[#This Row],[ינואר 25]:[דצמבר 25]]) | O12: =SUM(Table2[[#This Row],[ינואר 25]:[דצמבר 25]])
A13: כללי | B13: 606 | C13: =500+700+48.38+177+665+650+350 | D13: 6500
A14: קופה קטנה | B14: ='קופה קטנה'!B43 | C14: ='קופה קטנה'!C43 | D14: ='קופה קטנה'!D43 | E14: ='קופה קטנה'!E43 | F14: ='קופה קטנה'!F43 | G14: ='קופה קטנה'!G43 | H14: ='קופה קטנה'!H43 | I14: ='קופה קטנה'!I43 | ... M14: ='קופה קטנה'!M43
A16: הוצאות שוטף | B16: =SUM(B2:B13) | C16: =SUM(C2:C13) | D16: =SUM(D2:D13) | E16: =SUM(E2:E13) | F16: =SUM(F2:F13) | G16: =SUM(G2:G13) | H16: =SUM(H2:H13) | I16: =SUM(I2:I13) | ... M16: =SUM(M2:M13) | N16: =AVERAGE(Table2[[#This Row],[ינואר 25]:[דצמבר 25]]) | O16: =SUM(Table2[[#This Row],[ינואר 25]:[דצמבר 25]])
A17: הוצאות לא שוטף | B17: =SUM(B14) | C17: =SUM(C14) | D17: =SUM(D14) | E17: =SUM(E14) | F17: =SUM(F14) | G17: =SUM(G14) | H17: =SUM(H14) | I17: =SUM(I14) | ... M17: =SUM(M14) | N17: =AVERAGE(Table2[[#This Row],[ינואר 25]:[דצמבר 25]]) | O17: =SUM(Table2[[#This Row],[ינואר 25]:[דצמבר 25]])
A18: הוצאות סה"כ | B18: =SUM(B16:B17) | C18: =SUM(C16:C17) | D18: =SUM(D16:D17) | E18: =SUM(E16:E17) | F18: =SUM(F16:F17) | G18: =SUM(G16:G17) | H18: =SUM(H16:H17) | I18: =SUM(I16:I17) | ... M18: =SUM(M16:M17) | N18: =AVERAGE(Table2[[#This Row],[ינואר 25]:[דצמבר 25]]) | O18: =SUM(Table2[[#This Row],[ינואר 25]:[דצמבר 25]])
A19: הכנסות שוטף | B19: ='גביה 2026'!E62 | C19: ='גביה 2026'!F62 | D19: ='גביה 2026'!G62 | E19: ='גביה 2026'!H62 | F19: ='גביה 2026'!I62 | G19: ='גביה 2026'!J62 | H19: ='גביה 2026'!K62 | I19: ='גביה 2026'!L62 | ... M19: ='גביה 2026'!P62 | N19: =AVERAGE(Table2[[#This Row],[ינואר 25]:[דצמבר 25]]) | O19: =SUM(Table2[[#This Row],[ינואר 25]:[דצמבר 25]])
A20: יחס שוטף הכנסות/הוצאות | B20: =B16/B19 | C20: =C16/C19 | D20: =D16/D19 | E20: =E16/E19 | F20: =F16/F19 | G20: =G16/G19 | H20: =H16/H19 | I20: =I16/I19 | ... M20: =M16/M19 | N20: =AVERAGE(Table2[[#This Row],[ינואר 25]:[דצמבר 25]]) | O20: =SUM(Table2[[#This Row],[ינואר 25]:[דצמבר 25]])
A23: הערות | B23: בדק מעליות גינון 600 שקל דשן | C23: סידור אבנים משתלבות + משלוח סטרימר נובולה + אנטילופה + גופי תאורה 2 + כבל 20 מטר + צילינדר + ספק מנועל + ממסר למחסום | D23: שיפוץ חדרי מדרגות
A31: חשמל 2025 | B31: 3418.26 | C31: 3709.15 | D31: 3132.7 | E31: 2419.7 | F31: 2815.9 | G31: 2654.16 | H31: 4136.59 | I31: 4659.15 | J31: 3864.61 | K31: 3852.93 | L31: 2405.74 | M31: 2342.94 | N31: =AVERAGE(Table2[[#This Row],[ינואר 25]:[דצמבר 25]]) | O31: =SUM(Table2[[#This Row],[ינואר 25]:[דצמבר 25]])

Sheet Jan26
A1: בנק לאומי |
A2: מס' חשבון : ‏‏ ‎885-37554/82‎
A3: תאריך שמירה/הדפסה: 26/1/2026
A5: היתרה | C5: מסגרת האשראי | E5: נכון לתאריך
A7: ₪ 41,308.48 | C7: ₪ 0.00 | E7: 26.01.26
A11: תנועות בחשבון
A12: תאריך | B12: תאריך ערך | C12: תיאור | D12: אסמכתא | E12: בחובה | F12: בזכות | G12: היתרה בש"ח | H12: תאור מורחב
A13: 46023 | B13: 46023 | C13: בנק הפועלים | D13: 99012 | E13: 0 | F13: 320 | G13: 30014.31 | H13: העברה מאת: ברייב יולי 12-701-000404014 ועד בית
A14: 46023 | B14: 46023 | C14: בנק הפועלים | D14: 99012 | E14: 0 | F14: 700 | G14: 30714.31 | H14: העברה מאת: לגסה סיטוטאו יטא 12-700-000089393 ועד בית
A15: 46023 | B15: 46023 | C15: מהבינלאומי ס-י | D15: 99031 | E15: 0 | F15: 500 | G15: 31214.31 | H15: העברה מאת: וילצר סופיה ו/או 31-007-105949663 קופה קטנה של בוריס (הערת לקוח)
A16: 46023 | B16: 46023 | C16: הוראת קבע | D16: 4873628 | E16: 0 | F16: 350 | G16: 31564.31 | H16: העברה מאת: אליזבט בינשטוק, 10-891-003641132 תשלום בהוראת קבע
A17: 46023 | B17: 46023 | C17: מסלול מורחב | D17: 44924 | E17: 25 | F17: 0 | G17: 31539.31
A18: 46023 | B18: 46023 | C18: עמל.ערוץ יש 9 | D18: 9 | E18: 14.85 | F18: 0 | G18: 31524.46 | H18: סכום החיוב מייצג את מספר התנועות שבוצעו בערוץ ישיר/פקיד. מספר התנועות מופיע בסמוך למלל. סכום העמלה לפעולה הינו כפי המופיע בתעריף העמלות ליחיד/תאגיד ובהתאם להטבות הקיימות ללקוח דהיינו סכום חיוב = מספר תנועות ערוץ פקיד/ישיר כפול תעריף העמלה בחשבון הלקוח
A19: 46023 | B19: 46023 | C19: הע. אינטרנט | D19: 2419 | E19: 606 | F19: 0 | G19: 30918.46 | H19: העברה אל: טיבה בטיחות במעל 12-747-000313530 חשבונית 504979
A20: 46054 | B20: 46054 | C20: בנק הפועלים | D20: 99012 | E20: 0 | F20: 350 | G20: 31268.46 | H20: העברה מאת: רועי ולי-ש 12-700-000616685 ועד בית
A21: 46054 | B21: 46054 | C21: בנק הפועלים | D21: 99012 | E21: 0 | F21: 350 | G21: 31618.46 | H21: העברה מאת: מנגיסטו דג 12-703-000091338 לוועד הבית
A22: 46054 | B22: 46054 | C22: הוראת קבע | D22: 4668970 | E22: 0 | F22: 350 | G22: 31968.46 | H22: העברה מאת: פריידמן נטליה 10-882-044876260 תשלום
A23: 46054 | B23: 46054 | C23: העברה דיגיטל | D23: 86770 | E23: 10266 | F23: 0 | G23: 21702.46 | H23: העברה אל: גלים שה תחזוקה 31-022-000080204 מנוע מפוח האגמית 7
A24: 46113 | B24: 46113 | C24: הפקדת שיק | D24: 53458 | E24: 0 | F24: 320 | G24: 22022.46
A25: 46113 | B25: 46113 | C25: הפקדת שיק | D25: 120988 | E25: 0 | F25: 350 | G25: 22372.46
A26: 46113 | B26: 46113 | C26: הוראת קבע | D26: 4878373 | E26: 0 | F26: 350 | G26: 22722.46 | H26: העברה מאת: גל ברזני, שני ול 10-635-001111123 וועד בית דירה 56
A27: 46143 | B27: 46143 | C27: בנק דיסקונט | D27: 99011 | E27: 0 | F27: 320 | G27: 23042.46 | H27: העברה מאת: אסרף אורטל 11-107-081754738
A28: 46143 | B28: 46143 | C28: בנק אוצר החיל | D28: 99014 | E28: 0 | F28: 350 | G28: 23392.46 | H28: העברה מאת: כחלון שלו ו/או ח 14-350-105236062 וועד בית דירה 25 (הערת לקוח)
A29: 46143 | B29: 46143 | C29: הוראת קבע | D29: 4789577 | E29: 0 | F29: 350 | G29: 23742.46 | H29: העברה מאת: קטרינה שליאק 10-838-002943311 דירה 43 משפחת שליאק
A30: 46174 | B30: 46174 | C30: בנק הפועלים | D30: 99012 | E30: 0 | F30: 350 | G30: 24092.46 | H30: העברה מאת: אל איי הנדסת בטי 12-703-000496840 ועד דירה 57
A31: 46174 | B31: 46174 | C31: הוראת קבע | D31: 4870113 | E31: 0 | F31: 350 | G31: 24442.46 | H31: העברה מאת: היבה ריזק 10-840-002040614 ועד בית דירה 32 קומה 7
A32: 46204 | B32: 46204 | C32: מבנק יהב ס.-י | D32: 99004 | E32: 0 | F32: 420 | G32: 24862.46 | H32: העברה מאת: מנצור אלירן אלבר 04-140-000303334 26וכל 25עבור נוב דצ 12דירה 350ל
A33: 46235 | B33: 46235 | C33: איי.די. אי ח-י | D33: 91456 | E33: 0 | F33: 17503.5 | G33: 42365.96 | H33: העברה מאת: איי.די.אי 20-494-000201250 זיכוי
A34: 46235 | B34: 46235 | C34: בנק הפועלים | D34: 99012 | E34: 0 | F34: 350 | G34: 42715.96 | H34: העברה מאת: סיגלוב דמיטרי או 12-703-000021291 דירה 34 סיגלוב
A35: 46266 | B35: 46266 | C35: בנק הפועלים | D35: 99012 | E35: 0 | F35: 320 | G35: 43035.96 | H35: העברה מאת: אסולין יעק 12-704-000263394 ועד בית
A36: 46266 | B36: 46266 | C36: בנק הפועלים | D36: 99012 | E36: 0 | F36: 350 | G36: 43385.96 | H36: העברה מאת: בייבקוב קו 12-701-000262613 דירה 9
A37: 46266 | B37: 46266 | C37: בנק הפועלים | D37: 99012 | E37: 0 | F37: 350 | G37: 43735.96 | H37: העברה מאת: אל איי הנד 12-703-000496840 ועד דירה 57
... A41: 46266 | B41: 46266 | C41: הוראת קבע | D41: 4899758 | E41: 0 | F41: 350 | G41: 45135.96 | H41: העברה מאת: וולושין אלכסנדר 10-879-057984481 ועד בית
A42: 46327 | B42: 46327 | C42: ש.שלמה חברה-י | D42: 44855 | E42: 981 | F42: 0 | G42: 44154.96
A43: 46327 | B43: 46327 | C43: בנק דיסקונט | D43: 99011 | E43: 0 | F43: 350 | G43: 44504.96 | H43: העברה מאת: סימקין טרוסטיאני 11-097-132698643 ועד הבית - סימקין דירה 21
A44: 46327 | B44: 46327 | C44: בנק דיסקונט | D44: 99011 | E44: 0 | F44: 350 | G44: 44854.96 | H44: העברה מאת: רומנו לינצקי סיו 11-107-075555974
A45: 46327 | B45: 46327 | C45: בנק דיסקונט | D45: 99011 | E45: 0 | F45: 350 | G45: 45204.96 | H45: העברה מאת: שרביט גל,טויזר נ 11-107-205119303 דירה 60
A46: 46327 | B46: 46327 | C46: בנק אוצר החיל | D46: 99014 | E46: 0 | F46: 350 | G46: 45554.96 | H46: העברה מאת: כהן אביאל 14-350-000175551 ועד בית
A47: 46327 | B47: 46327 | C47: בנק אוצר החיל | D47: 99014 | E47: 0 | F47: 350 | G47: 45904.96 | H47: העברה מאת: זלץ ניר ו/או נט 14-362-105079420 העברה לוועד בית
A48: 46327 | B48: 46327 | C48: בנק אוצר החיל | D48: 99014 | E48: 0 | F48: 350 | G48: 46254.96 | H48: העברה מאת: איטח ענת ו/או רפ 14-362-000321489 איטח ענת ורפי
A49: 46327 | B49: 46327 | C49: בנק מזרחי | D49: 99020 | E49: 0 | F49: 350 | G49: 46604.96 | H49: העברה מאת: וולמיר רות ואלכס 20-441-000075228 עבור דירה 7
A50: 46327 | B50: 46327 | C50: הוראת קבע | D50: 4509096 | E50: 0 | F50: 320 | G50: 46924.96 | H50: העברה מאת: מיכאל זבוליוב, א 10-885-002348011 םולשת
A51: 46327 | B51: 46327 | C51: הוראת קבע | D51: 4512636 | E51: 0 | F51: 350 | G51: 47274.96 | H51: העברה מאת: קוטיגרו מיכאל 10-948-057374636 תשלום
A52: 46327 | B52: 46327 | C52: הוראת קבע | D52: 4801703 | E52: 780.11 | F52: 0 | G52: 46494.85 | H52: העברה ל: ארדן 12-391-00410504 תאריך סיום: 10.03.2026 ארדן האגמית 7 טירת כרמל
A53: 46327 | B53: 46327 | C53: הוראת קבע | D53: 4875354 | E53: 0 | F53: 350 | G53: 46844.85 | H53: העברה מאת: בר ברקת ישראלי, 10-716-002056289 ועד בית דירה 5
A54: 46327 | B54: 46327 | C54: הוראת קבע | D54: 4883868 | E54: 0 | F54: 350 | G54: 47194.85 | H54: העברה מאת: לאוניד שכטמן 10-705-012376080 ועד בית
... A58: 46357 | B58: 46357 | C58: העברה דיגיטל | D58: 202375 | E58: 0 | F58: 350 | G58: 40744.85 | H58: העברה מאת: סוזאנה שושנה 10-885-010687480 ועד חודש 1 דירה 22 מישייב
A59: 14/01/2026 | B59: 14/01/2026 | C59: בנק אוצר החיל | D59: 99014 | E59: 0 | F59: 350 | G59: 41094.85 | H59: העברה מאת: מקייס סאספורתס ק 14-362-105318123 וועד (הערת לקוח)
A60: 14/01/2026 | B60: 14/01/2026 | C60: מהבינלאומי ס-י | D60: 99031 | E60: 0 | F60: 350 | G60: 41444.85 | H60: העברה מאת: לב משה ו/או מרקו 31-007-105009100 דירה 24 מש לב (הערת לקוח)
A61: 15/01/2026 | B61: 15/01/2026 | C61: מבנק יהב ס.-י | D61: 99004 | E61: 0 | F61: 350 | G61: 41794.85 | H61: העברה מאת: יונה חמד 04-140-000473912
A62: 15/01/2026 | B62: 15/01/2026 | C62: בנק הפועלים | D62: 99012 | E62: 0 | F62: 350 | G62: 42144.85 | H62: העברה מאת: ממן אושרי 12-703-000364148 תשלום ועד משפחת ממן
A63: 15/01/2026 | B63: 15/01/2026 | C63: בנק מזרחי | D63: 99020 | E63: 0 | F63: 350 | G63: 42494.85 | H63: העברה מאת: בכר שי 20-523-000260701
A64: 15/01/2026 | B64: 15/01/2026 | C64: הוראת קבע | D64: 4795693 | E64: 0 | F64: 350 | G64: 42844.85 | H64: העברה מאת: חן לוי, נתנאל לו 10-885-002439793 שכר דירה
A65: 15/01/2026 | B65: 15/01/2026 | C65: הוראת קבע | D65: 4865441 | E65: 0 | F65: 350 | G65: 43194.85 | H65: העברה מאת: רביבו מאור 10-885-001567984 ועד בית דירה 6
A66: 15/01/2026 | B66: 15/01/2026 | C66: הוראת קבע | D66: 4865951 | E66: 0 | F66: 350 | G66: 43544.85 | H66: העברה מאת: טטיאנה סיגל, אלי 10-882-020472034 תשלום
A67: 15/01/2026 | B67: 15/01/2026 | C67: הוראת קבע | D67: 4870920 | E67: 0 | F67: 350 | G67: 43894.85 | H67: העברה מאת: גלמן אירינה 10-877-002493094 ועד בית
A68: 15/01/2026 | B68: 15/01/2026 | C68: הוראת קבע | D68: 4882283 | E68: 0 | F68: 350 | G68: 44244.85 | H68: העברה מאת: קטרין קוט 10-891-004022651 ועד דירה 51 אריסון
A69: 22/01/2026 | B69: 22/01/2026 | C69: בנק הפועלים | D69: 99012 | E69: 0 | F69: 350 | G69: 44594.85 | H69: העברה מאת: אלייב שלמה -שלומ 12-703-000624018 ועד אגמית ינואר 2026
A70: 25/01/2026 | B70: 25/01/2026 | C70: חברת החשמל ל-י | D70: 706 | E70: 3545.6 | F70: 0 | G70: 41049.25
A71: 25/01/2026 | B71: 25/01/2026 | C71: חברת פרטנר ת-י | D71: 31274 | E71: 90.77 | F71: 0 | G71: 40958.48
A72: 25/01/2026 | B72: 25/01/2026 | C72: העברה דיגיטל | D72: 85794 | E72: 0 | F72: 350 | G72: 41308.48 | H72: העברה מאת: אליאס סמעאן 10-877-003268585 תשלום
A73: 28/01/2026 | B73: 28/01/2026 | C73: בזק-הוראות ק-י | D73: 703 | E73: 24.57 | F73: 0 | G73: 41283.91
A74: 28/01/2026 | B74: 28/01/2026 | C74: מרכנתיל די.-י | D74: 99017 | E74: 0 | F74: 320 | G74: 41603.91 | H74: העברה מאת: בן לולו נטלי 17-662-098353502
A75: 28/01/2026 | B75: 28/01/2026 | C75: העברה דיגיטל | D75: 127532 | E75: 0 | F75: 350 | G75: 41953.91 | H75: העברה מאת: פיליפ אלברט 10-916-004497512
A76: 29/01/2026 | B76: 29/01/2026 | C76: הוראת קבע | D76: 4837872 | E76: 0 | F76: 350 | G76: 42303.91 | H76: העברה מאת: תמר ברנר, דן ברנ 10-885-004050720 ועד בית דירה 49
A77: 30/01/2026 | B77: 30/01/2026 | C77: קונה בע"מ-י | D77: 1086 | E77: 4361.79 | F77: 0 | G77: 37942.12

Sheet Feb26
A1: בנק לאומי |
A2: מס' חשבון : ‏‏ ‎885-37554/82‎
A3: תאריך שמירה/הדפסה: 9/2/2026
A5: היתרה | C5: מסגרת האשראי | E5: נכון לתאריך
A7: ₪ 22,270.89 | C7: ₪ 0.00 | E7: 09.02.26
A8: * כולל תנועות היום
A11: 46024 | B11: 46024 | C11: בנק הפועלים | D11: 99012 | E11: 0 | F11: 320 | G11: 38262.12 | H11: העברה מאת: ברייב יולי 12-701-000404014 ועד בית
A12: 46024 | B12: 46024 | C12: בנק מזרחי | D12: 99020 | E12: 0 | F12: 350 | G12: 38612.12 | H12: העברה מאת: רובקין מרגריטה ו 20-444-000494106 וועד בית
A13: 46024 | B13: 46024 | C13: הוראת קבע | D13: 4873628 | E13: 0 | F13: 350 | G13: 38962.12 | H13: העברה מאת: אליזבט בינשטוק, 10-891-003641132 תשלום בהוראת קבע
A14: 46024 | B14: 46024 | C14: מסלול מורחב | D14: 13187 | E14: 25 | F14: 0 | G14: 38937.12
A15: 46024 | B15: 46024 | C15: עמל.ערוץ יש 9 | D15: 9 | E15: 14.85 | F15: 0 | G15: 38922.27 | H15: סכום החיוב מייצג את מספר התנועות שבוצעו בערוץ ישיר/פקיד. מספר התנועות מופיע בסמוך למלל. סכום העמלה לפעולה הינו כפי המופיע בתעריף העמלות ליחיד/תאגיד ובהתאם להטבות הקיימות ללקוח דהיינו סכום חיוב = מספר תנועות ערוץ פקיד/ישיר כפול תעריף העמלה בחשבון הלקוח
A16: 46024 | B16: 46024 | C16: העברה דיגיטל | D16: 255512 | E16: 7000 | F16: 0 | G16: 31922.27 | H16: העברה אל: רוזקום בעמ 12-552-000395129 אינטרקום תשלום 1
A17: 46055 | B17: 46055 | C17: בנק הפועלים | D17: 99012 | E17: 0 | F17: 350 | G17: 32272.27 | H17: העברה מאת: רועי ולי-ש 12-700-000616685 ועד בית
A18: 46055 | B18: 46055 | C18: בנק הפועלים | D18: 99012 | E18: 0 | F18: 350 | G18: 32622.27 | H18: העברה מאת: מנגיסטו דג 12-703-000091338 לוועד הבית
A19: 46055 | B19: 46055 | C19: בנק הפועלים | D19: 99012 | E19: 0 | F19: 867 | G19: 33489.27 | H19: העברה מאת: לגסה סיטוטאו יטא 12-700-000089393 חודש ינואר פברואר
A20: 46055 | B20: 46055 | C20: הוראת קבע | D20: 4668970 | E20: 0 | F20: 350 | G20: 33839.27 | H20: העברה מאת: פריידמן נטליה 10-882-044876260 תשלום
A21: 46055 | B21: 46055 | C21: העברה דיגיטל | D21: 120755 | E21: 0 | F21: 700 | G21: 34539.27 | H21: העברה מאת: פיליפ אלברט 10-916-004497512 חודש פברואר מרץ
A22: 46055 | B22: 46055 | C22: העברה דיגיטל | D22: 121079 | E22: 0 | F22: 60 | G22: 34599.27 | H22: העברה מאת: פיליפ אלברט 10-916-004497512
A23: 46083 | B23: 46083 | C23: הוראת קבע | D23: 4878373 | E23: 0 | F23: 350 | G23: 34949.27 | H23: העברה מאת: גל ברזני, שני ול 10-635-001111123 וועד בית דירה 56
A24: 46083 | B24: 46083 | C24: העברה דיגיטל | D24: 68248 | E24: 7000 | F24: 0 | G24: 27949.27 | H24: העברה אל: רוזקום בעמ 12-552-000395129 אינטרקום תשלום 2
A25: 46144 | B25: 46144 | C25: בנק דיסקונט | D25: 99011 | E25: 0 | F25: 320 | G25: 28269.27 | H25: העברה מאת: אסרף אורטל 11-107-081754738
A26: 46144 | B26: 46144 | C26: בנק אוצר החיל | D26: 99014 | E26: 0 | F26: 350 | G26: 28619.27 | H26: העברה מאת: כחלון שלו ו/או ח 14-350-105236062 וועד בית דירה 25 (הערת לקוח)
... A28: 46144 | B28: 46144 | C28: העברה דיגיטל | D28: 8993 | E28: 900 | F28: 0 | G28: 28069.27 | H28: העברה אל: חלבי כרמי ות 10-981-002104267 גינון
A29: 46175 | B29: 46175 | C29: נובולה בע"מ-י | D29: 42663 | E29: 48.38 | F29: 0 | G29: 28020.89
A30: 46175 | B30: 46175 | C30: הוראת קבע | D30: 4870113 | E30: 0 | F30: 350 | G30: 28370.89 | H30: העברה מאת: היבה ריזק 10-840-002040614 ועד בית דירה 32 קומה 7
A31: 46236 | B31: 46236 | C31: בנק הפועלים | D31: 99012 | E31: 0 | F31: 350 | G31: 28720.89 | H31: העברה מאת: זאדה הודיה וזאדה 12-703-000404555 חודש ינואר משפחת זאדה
A32: 46236 | B32: 46236 | C32: בנק הפועלים | D32: 99012 | E32: 0 | F32: 350 | G32: 29070.89 | H32: העברה מאת: זאדה הודיה 12-703-000404555 תשלום חודשי משפחת זאדה
A33: 46267 | B33: 46267 | C33: הוראת קבע | D33: 4763312 | E33: 0 | F33: 350 | G33: 29420.89 | H33: העברה מאת: יוספה אמור, בנימ 10-885-000271821 תשלום בהוראת קבע
A34: 46267 | B34: 46267 | C34: הוראת קבע | D34: 4899758 | E34: 0 | F34: 350 | G34: 29770.89 | H34: העברה מאת: וולושין אלכסנדר 10-879-057984481 ועד בית
A35: 46267 | B35: 46267 | C35: הוראת קבע | D35: 4932477 | E35: 7500 | F35: 0 | G35: 22270.89 | H35: העברה ל: גל אנתבי 20-505-00159972 תאריך סיום: 09.12.2027 ניקיון האגמית 7
A36: 46297 | B36: 46297 | C36: ש.שלמה חברה-י | D36: 44855 | E36: 982 | F36: 0 | G36: 21288.89
A37: 46297 | B37: 46297 | C37: בנק דיסקונט | D37: 99011 | E37: 0 | F37: 350 | G37: 21638.89 | H37: העברה מאת: שרביט גל,טויזר נ 11-107-205119303 דירה 60
A38: 46297 | B38: 46297 | C38: בנק דיסקונט | D38: 99011 | E38: 0 | F38: 350 | G38: 21988.89 | H38: העברה מאת: סימקין טרוסטיאני 11-097-132698643 ועד הבית - סימקין דירה 21
A39: 46297 | B39: 46297 | C39: בנק דיסקונט | D39: 99011 | E39: 0 | F39: 350 | G39: 22338.89 | H39: העברה מאת: רומנו לינצקי סיו 11-107-075555974
A40: 46297 | B40: 46297 | C40: בנק דיסקונט | D40: 99011 | E40: 0 | F40: 2160 | G40: 24498.89 | H40: העברה מאת: קשר ספורט בע"מ 11-010-001194323 קשר ספורט בע"מ
A41: 46297 | B41: 46297 | C41: בנק הפועלים | D41: 99012 | E41: 0 | F41: 320 | G41: 24818.89 | H41: העברה מאת: אסולין יעק 12-704-000263394 ועד בית
A42: 46297 | B42: 46297 | C42: בנק הפועלים | D42: 99012 | E42: 0 | F42: 350 | G42: 25168.89 | H42: העברה מאת: בייבקוב קו 12-701-000262613 דירה 9
A43: 46297 | B43: 46297 | C43: בנק הפועלים | D43: 99012 | E43: 0 | F43: 350 | G43: 25518.89 | H43: העברה מאת: צ`רניאק בו 12-703-000466089 דירה 44, תשלום ועד
A44: 46297 | B44: 46297 | C44: בנק הפועלים | D44: 99012 | E44: 0 | F44: 350 | G44: 25868.89 | H44: העברה מאת: אל איי הנד 12-703-000496840 ועד דירה 57
A45: 46297 | B45: 46297 | C45: בנק הפועלים | D45: 99012 | E45: 0 | F45: 350 | G45: 26218.89 | H45: העברה מאת: פולונסקי א 12-728-000012111 דירה 52
A46: 46297 | B46: 46297 | C46: בנק הפועלים | D46: 99012 | E46: 0 | F46: 350 | G46: 26568.89 | H46: העברה מאת: מוגילבסקי 12-728-000685973 תשלום וועד דירה 55
A47: 46297 | B47: 46297 | C47: בנק אוצר החיל | D47: 99014 | E47: 0 | F47: 350 | G47: 26918.89 | H47: העברה מאת: כהן אביאל 14-350-000175551 ועד בית
A48: 46297 | B48: 46297 | C48: בנק אוצר החיל | D48: 99014 | E48: 0 | F48: 350 | G48: 27268.89 | H48: העברה מאת: זלץ ניר ו/או נט 14-362-105079420 העברה לוועד בית
... A58: 46358 | B58: 46358 | C58: בנק דיסקונט | D58: 99011 | E58: 0 | F58: 350 | G58: 29788.78 | H58: העברה מאת: פרחי נדב,פרחי שי 11-107-003913440
A59: 15/02/2026 | B59: 15/02/2026 | C59: מבנק יהב ס.-י | D59: 99004 | E59: 0 | F59: 350 | G59: 30138.78 | H59: העברה מאת: יונה חמד 04-140-000473912
A60: 15/02/2026 | B60: 15/02/2026 | C60: בנק הפועלים | D60: 99012 | E60: 0 | F60: 120 | G60: 30258.78 | H60: העברה מאת: אסולין יעקב ובן 12-704-000263394 הפרש 4 חודשים דירה 30
A61: 15/02/2026 | B61: 15/02/2026 | C61: בנק הפועלים | D61: 99012 | E61: 0 | F61: 350 | G61: 30608.78 | H61: העברה מאת: ממן אושרי 12-703-000364148 תשלום ועד משפחת ממן
A62: 15/02/2026 | B62: 15/02/2026 | C62: בנק הפועלים | D62: 99012 | E62: 0 | F62: 350 | G62: 30958.78 | H62: העברה מאת: צ`רניאק בוריס וצ 12-703-000466089 דירה 44, חודש ינואר, תשלום ועד
A63: 15/02/2026 | B63: 15/02/2026 | C63: בנק אוצר החיל | D63: 99014 | E63: 0 | F63: 350 | G63: 31308.78 | H63: העברה מאת: מקייס סאספורתס ק 14-362-105318123 וועד (הערת לקוח)
A64: 15/02/2026 | B64: 15/02/2026 | C64: בנק מזרחי | D64: 99020 | E64: 0 | F64: 350 | G64: 31658.78 | H64: העברה מאת: רובקין מרגריטה ו 20-444-000494106
A65: 15/02/2026 | B65: 15/02/2026 | C65: בנק מזרחי | D65: 99020 | E65: 0 | F65: 350 | G65: 32008.78 | H65: העברה מאת: בכר שי 20-523-000260701
A66: 15/02/2026 | B66: 15/02/2026 | C66: מהבינלאומי ס-י | D66: 99031 | E66: 0 | F66: 350 | G66: 32358.78 | H66: העברה מאת: לב משה ו/או מרקו 31-007-105009100 דירה 24 מש לב (הערת לקוח)
A67: 15/02/2026 | B67: 15/02/2026 | C67: הוראת קבע | D67: 4795693 | E67: 0 | F67: 350 | G67: 32708.78 | H67: העברה מאת: חן לוי, נתנאל לו 10-885-002439793 שכר דירה
A68: 15/02/2026 | B68: 15/02/2026 | C68: הוראת קבע | D68: 4865441 | E68: 0 | F68: 350 | G68: 33058.78 | H68: העברה מאת: רביבו מאור 10-885-001567984 ועד בית דירה 6
A69: 15/02/2026 | B69: 15/02/2026 | C69: הוראת קבע | D69: 4865951 | E69: 0 | F69: 350 | G69: 33408.78 | H69: העברה מאת: טטיאנה סיגל, אלי 10-882-020472034 תשלום
A70: 15/02/2026 | B70: 15/02/2026 | C70: הוראת קבע | D70: 4870920 | E70: 0 | F70: 350 | G70: 33758.78 | H70: העברה מאת: גלמן אירינה 10-877-002493094 ועד בית
... A76: 19/02/2026 | B76: 19/02/2026 | C76: העברה דיגיטל | D76: 63305 | E76: 0 | F76: 30 | G76: 33996.78 | H76: העברה מאת: אליאס סמעאן 10-877-003268585 תשלום
A77: 20/02/2026 | B77: 20/02/2026 | C77: הפקדת שיק | D77: 14413 | E77: 0 | F77: 350 | G77: 34346.78
A78: 20/02/2026 | B78: 20/02/2026 | C78: הפקדת שיק | D78: 70824 | E78: 0 | F78: 350 | G78: 34696.78
A79: 22/02/2026 | B79: 22/02/2026 | C79: חברת החשמל ל-י | D79: 706 | E79: 3595.06 | F79: 0 | G79: 31101.72
A80: 22/02/2026 | B80: 22/02/2026 | C80: הע. אינטרנט | D80: 167433 | E80: 650 | F80: 0 | G80: 30451.72 | H80: העברה אל: אבישי שורץ 11-076-006640178 מנורות
A81: 24/02/2026 | B81: 24/02/2026 | C81: חברת פרטנר ת-י | D81: 31274 | E81: 90.77 | F81: 0 | G81: 30360.95
A82: 24/02/2026 | B82: 24/02/2026 | C82: העברה דיגיטל | D82: 61144 | E82: 0 | F82: 700 | G82: 31060.95 | H82: העברה מאת: ירין חיים מל 10-882-046518869 ועד בית
A83: 24/02/2026 | B83: 24/02/2026 | C83: העברה דיגיטל | D83: 74494 | E83: 0 | F83: 500 | G83: 31560.95 | H83: העברה מאת: רביבו מאור 10-885-001567984 קופה קטנה 2026
A84: 25/02/2026 | B84: 25/02/2026 | C84: בנק הפועלים | D84: 99012 | E84: 0 | F84: 500 | G84: 32060.95 | H84: העברה מאת: סיגלוב דמיטרי או 12-703-000021291 קופה קטנה, דירה 34 סיגלוב
A85: 26/02/2026 | B85: 26/02/2026 | C85: הפקדת שיק | D85: 51617 | E85: 0 | F85: 350 | G85: 32410.95
A86: 27/02/2026 | B86: 27/02/2026 | C86: הפקדת שיק | D86: 61982 | E86: 0 | F86: 410 | G86: 32820.95
A87: 27/02/2026 | B87: 27/02/2026 | C87: קונה בע"מ-י | D87: 1086 | E87: 4361.79 | F87: 0 | G87: 28459.16
A88: 27/02/2026 | B88: 27/02/2026 | C88: הוראת קבע | D88: 4837872 | E88: 0 | F88: 350 | G88: 28809.16 | H88: העברה מאת: תמר ברנר, דן ברנ 10-885-004050720 ועד בית דירה 49

Sheet March26
A1: בנק לאומי |
A2: מס' חשבון : ‏‏ ‎885-37554/82‎
A3: תאריך שמירה/הדפסה: 11/3/2026
A5: היתרה | C5: מסגרת האשראי | E5: נכון לתאריך
A7: ₪ 23,564.48 | C7: ₪ 0.00 | E7: 11.03.26
A8: * כולל תנועות היום
A11: * פירוט הפעולות להיום אינו סופי ועשוי להשתנות / לא להתבצע. יתכן שתהיינה פעולות נוספות שלא מופיעות בשלב זה
A12: תנועות בחשבון
A13: תאריך | B13: תאריך ערך | C13: תיאור | D13: אסמכתא | E13: בחובה | F13: בזכות | G13: היתרה בש"ח | H13: תאור מורחב | I13: הערה
A14: 46025 | B14: 46025 | C14: בזק-הוראות ק-י | D14: 703 | E14: 24.57 | F14: 0 | G14: 28784.59
A15: 46025 | B15: 46025 | C15: נובולה בע"מ-י | D15: 42663 | E15: 77 | F15: 0 | G15: 28707.59
A16: 46025 | B16: 46025 | C16: בנק הפועלים | D16: 99012 | E16: 0 | F16: 320 | G16: 29027.59 | H16: העברה מאת: ברייב יולי 12-701-000404014 ועד בית
A17: 46025 | B17: 46025 | C17: הוראת קבע | D17: 4873628 | E17: 0 | F17: 350 | G17: 29377.59 | H17: העברה מאת: אליזבט בינשטוק, 10-891-003641132 תשלום בהוראת קבע
A18: 46025 | B18: 46025 | C18: מסלול מורחב | D18: 13637 | E18: 25 | F18: 0 | G18: 29352.59
A19: 46025 | B19: 46025 | C19: עמל.ערוץ יש 15 | D19: 15 | E19: 24.75 | F19: 0 | G19: 29327.84 | H19: סכום החיוב מייצג את מספר התנועות שבוצעו בערוץ ישיר/פקיד. מספר התנועות מופיע בסמוך למלל. סכום העמלה לפעולה הינו כפי המופיע בתעריף העמלות ליחיד/תאגיד ובהתאם להטבות הקיימות ללקוח דהיינו סכום חיוב = מספר תנועות ערוץ פקיד/ישיר כפול תעריף העמלה בחשבון הלקוח
A20: 46056 | B20: 46056 | C20: נובולה בע"מ-י | D20: 42663 | E20: 74.25 | F20: 0 | G20: 29253.59
A21: 46056 | B21: 46056 | C21: בנק הפועלים | D21: 99012 | E21: 0 | F21: 350 | G21: 29603.59 | H21: העברה מאת: רועי ולי-ש 12-700-000616685 ועד בית
A22: 46056 | B22: 46056 | C22: בנק הפועלים | D22: 99012 | E22: 0 | F22: 350 | G22: 29953.59 | H22: העברה מאת: מנגיסטו דג 12-703-000091338 לוועד הבית
A23: 46056 | B23: 46056 | C23: הוראת קבע | D23: 4668970 | E23: 0 | F23: 350 | G23: 30303.59 | H23: העברה מאת: פריידמן נטליה 10-882-044876260 תשלום
A24: 46115 | B24: 46115 | C24: הוראת קבע | D24: 4878373 | E24: 0 | F24: 350 | G24: 30653.59 | H24: העברה מאת: גל ברזני, שני ול 10-635-001111123 וועד בית דירה 56
A25: 46145 | B25: 46145 | C25: בנק דיסקונט | D25: 99011 | E25: 0 | F25: 320 | G25: 30973.59 | H25: העברה מאת: אסרף אורטל 11-107-081754738
A26: 46145 | B26: 46145 | C26: בנק אוצר החיל | D26: 99014 | E26: 0 | F26: 350 | G26: 31323.59 | H26: העברה מאת: כחלון שלו ו/או ח 14-350-105236062 וועד בית דירה 25 (הערת לקוח)
A27: 46145 | B27: 46145 | C27: הוראת קבע | D27: 4789577 | E27: 0 | F27: 350 | G27: 31673.59 | H27: העברה מאת: קטרינה שליאק 10-838-002943311 דירה 43 משפחת שליאק
A28: 46145 | B28: 46145 | C28: העברה דיגיטל | D28: 136684 | E28: 900 | F28: 0 | G28: 30773.59 | H28: העברה אל: חלבי כרמי ות 10-981-002104267 גינון
A29: 46176 | B29: 46176 | C29: בנק אוצר החיל | D29: 99014 | E29: 0 | F29: 500 | G29: 31273.59 | H29: העברה מאת: מקייס סאספורתס ק 14-362-105318123 ועד (הערת לקוח)
A30: 46176 | B30: 46176 | C30: הוראת קבע | D30: 4870113 | E30: 0 | F30: 350 | G30: 31623.59 | H30: העברה מאת: היבה ריזק 10-840-002040614 ועד בית דירה 32 קומה 7
A31: 46237 | B31: 46237 | C31: בנק הפועלים | D31: 99012 | E31: 0 | F31: 350 | G31: 31973.59 | H31: העברה מאת: זאדה הודיה 12-703-000404555 תשלום חודשי משפחת זאדה
A32: 46268 | B32: 46268 | C32: הוראת קבע | D32: 4763312 | E32: 0 | F32: 350 | G32: 32323.59 | H32: העברה מאת: יוספה אמור, בנימ 10-885-000271821 תשלום בהוראת קבע
... A34: 46268 | B34: 46268 | C34: הוראת קבע | D34: 4932477 | E34: 7500 | F34: 0 | G34: 25173.59 | H34: העברה ל: גל אנתבי 20-505-00159972 תאריך סיום: 09.12.2027 ניקיון האגמית 7
A35: 46298 | B35: 46298 | C35: ש.שלמה חברה-י | D35: 44855 | E35: 979 | F35: 0 | G35: 24194.59
A36: 46298 | B36: 46298 | C36: בנק דיסקונט | D36: 99011 | E36: 0 | F36: 350 | G36: 24544.59 | H36: העברה מאת: סימקין טרוסטיאני 11-097-132698643 ועד הבית - סימקין דירה 21
A37: 46298 | B37: 46298 | C37: בנק דיסקונט | D37: 99011 | E37: 0 | F37: 350 | G37: 24894.59 | H37: העברה מאת: רומנו לינצקי סיו 11-107-075555974
A38: 46298 | B38: 46298 | C38: בנק דיסקונט | D38: 99011 | E38: 0 | F38: 350 | G38: 25244.59 | H38: העברה מאת: שרביט גל,טויזר נ 11-107-205119303 דירה 60
A39: 46298 | B39: 46298 | C39: בנק הפועלים | D39: 99012 | E39: 0 | F39: 350 | G39: 25594.59 | H39: העברה מאת: בייבקוב קו 12-701-000262613 דירה 9
A40: 46298 | B40: 46298 | C40: בנק הפועלים | D40: 99012 | E40: 0 | F40: 350 | G40: 25944.59 | H40: העברה מאת: צ`רניאק בו 12-703-000466089 דירה 44, תשלום ועד
A41: 46298 | B41: 46298 | C41: בנק הפועלים | D41: 99012 | E41: 0 | F41: 350 | G41: 26294.59 | H41: העברה מאת: אל איי הנד 12-703-000496840 ועד דירה 57
A42: 46298 | B42: 46298 | C42: בנק הפועלים | D42: 99012 | E42: 0 | F42: 350 | G42: 26644.59 | H42: העברה מאת: אסולין יעק 12-704-000263394 ועד בית
A43: 46298 | B43: 46298 | C43: בנק הפועלים | D43: 99012 | E43: 0 | F43: 350 | G43: 26994.59 | H43: העברה מאת: פולונסקי א 12-728-000012111 דירה 52
A44: 46298 | B44: 46298 | C44: בנק הפועלים | D44: 99012 | E44: 0 | F44: 350 | G44: 27344.59 | H44: העברה מאת: מוגילבסקי 12-728-000685973 תשלום וועד דירה 55
A45: 46298 | B45: 46298 | C45: בנק אוצר החיל | D45: 99014 | E45: 0 | F45: 350 | G45: 27694.59 | H45: העברה מאת: כהן אביאל 14-350-000175551 ועד בית
A46: 46298 | B46: 46298 | C46: בנק אוצר החיל | D46: 99014 | E46: 0 | F46: 350 | G46: 28044.59 | H46: העברה מאת: זלץ ניר ו/או נט 14-362-105079420 העברה לוועד בית
A47: 46298 | B47: 46298 | C47: בנק אוצר החיל | D47: 99014 | E47: 0 | F47: 350 | G47: 28394.59 | H47: העברה מאת: איטח ענת ו/או רפ 14-362-000321489 איטח ענת ורפי
... A56: 46329 | B56: 46329 | C56: העברה דיגיטל | D56: 8499 | E56: 6500 | F56: 0 | G56: 23564.48 | H56: העברה אל: נדלר חיים שיפוצי 12-701-000688886 חדר מדרגות האגמית 7
A57: 46359 | B57: 46359 | C57: הפקדת שיק | D57: 65815 | E57: 0 | F57: 500 | G57: 24064.48
A58: 46359 | B58: 46359 | C58: בנק דיסקונט | D58: 99011 | E58: 0 | F58: 350 | G58: 24414.48 | H58: העברה מאת: פרחי נדב,פרחי שי 11-107-003913440
A59: 13/03/2026 | B59: 13/03/2026 | C59: העברה דיגיטל | D59: 68751 | E59: 0 | F59: 350 | G59: 24764.48 | H59: העברה מאת: אליאס סמעאן 10-877-003268585 תשלום
A60: 15/03/2026 | B60: 15/03/2026 | C60: מבנק יהב ס.-י | D60: 99004 | E60: 0 | F60: 350 | G60: 25114.48 | H60: העברה מאת: יונה חמד 04-140-000473912
A61: 15/03/2026 | B61: 15/03/2026 | C61: בנק הפועלים | D61: 99012 | E61: 0 | F61: 250 | G61: 25364.48 | H61: העברה מאת: אלייב שלמה -שלומ 12-703-000624018 קופה קטנה תשלום ראשון מתוך 500 שח
A62: 15/03/2026 | B62: 15/03/2026 | C62: בנק הפועלים | D62: 99012 | E62: 0 | F62: 350 | G62: 25714.48 | H62: העברה מאת: ממן אושרי 12-703-000364148 תשלום ועד משפחת ממן
A63: 15/03/2026 | B63: 15/03/2026 | C63: בנק הפועלים | D63: 99012 | E63: 0 | F63: 350 | G63: 26064.48 | H63: העברה מאת: אלייב שלמה -שלומ 12-703-000624018 ועד בית מרץ 2026
A64: 15/03/2026 | B64: 15/03/2026 | C64: בנק אוצר החיל | D64: 99014 | E64: 0 | F64: 350 | G64: 26414.48 | H64: העברה מאת: מקייס סאספורתס ק 14-362-105318123 וועד (הערת לקוח)
A65: 15/03/2026 | B65: 15/03/2026 | C65: בנק מזרחי | D65: 99020 | E65: 0 | F65: 350 | G65: 26764.48 | H65: העברה מאת: רובקין מרגריטה ו 20-444-000494106
A66: 15/03/2026 | B66: 15/03/2026 | C66: בנק מזרחי | D66: 99020 | E66: 0 | F66: 350 | G66: 27114.48 | H66: העברה מאת: בכר שי 20-523-000260701
A67: 15/03/2026 | B67: 15/03/2026 | C67: מהבינלאומי ס-י | D67: 99031 | E67: 0 | F67: 350 | G67: 27464.48 | H67: העברה מאת: לב משה ו/או מרקו 31-007-105009100 דירה 24 מש לב (הערת לקוח)
A68: 15/03/2026 | B68: 15/03/2026 | C68: מהבינלאומי ס-י | D68: 99031 | E68: 0 | F68: 500 | G68: 27964.48 | H68: העברה מאת: לב משה ו/או מרקו 31-007-105009100 העברת אינטרנט (הערת לקוח)
A69: 15/03/2026 | B69: 15/03/2026 | C69: הוראת קבע | D69: 4795693 | E69: 0 | F69: 350 | G69: 28314.48 | H69: העברה מאת: חן לוי, נתנאל לו 10-885-002439793 שכר דירה
A70: 15/03/2026 | B70: 15/03/2026 | C70: הוראת קבע | D70: 4865441 | E70: 0 | F70: 350 | G70: 28664.48 | H70: העברה מאת: רביבו מאור 10-885-001567984 ועד בית דירה 6
... A73: 15/03/2026 | B73: 15/03/2026 | C73: הוראת קבע | D73: 4882283 | E73: 0 | F73: 350 | G73: 29714.48 | H73: העברה מאת: קטרין קוט 10-891-004022651 ועד דירה 51 אריסון
A74: 18/03/2026 | B74: 18/03/2026 | C74: הפקדת שיק | D74: 16216 | E74: 0 | F74: 350 | G74: 30064.48
A75: 18/03/2026 | B75: 18/03/2026 | C75: בנק הפועלים | D75: 99012 | E75: 0 | F75: 350 | G75: 30414.48 | H75: העברה מאת: סיגלוב דמיטרי או 12-703-000021291 ועד דירה 34 סיגלוב
A76: 22/03/2026 | B76: 22/03/2026 | C76: חברת החשמל ל-י | D76: 706 | E76: 3233.77 | F76: 0 | G76: 27180.71
A77: 22/03/2026 | B77: 22/03/2026 | C77: מרכנתיל די.-י | D77: 99017 | E77: 0 | F77: 440 | G77: 27620.71 | H77: העברה מאת: בן לולו נטלי 17-662-098353502 תשלום לוועד הבית
A78: 23/03/2026 | B78: 23/03/2026 | C78: העברה/הפקדה | D78: 18006 | E78: 0 | F78: 700 | G78: 28320.71 | H78: העברה מאת: מנגסטה יטמין 10-885-001146229
A79: 24/03/2026 | B79: 24/03/2026 | C79: חברת פרטנר ת-י | D79: 31274 | E79: 90.77 | F79: 0 | G79: 28229.94
A80: 25/03/2026 | B80: 25/03/2026 | C80: בנק הפועלים | D80: 99012 | E80: 0 | F80: 850 | G80: 29079.94 | H80: העברה מאת: לגסה סיטוטאו יטא 12-700-000089393 חודש מרץ
A81: 29/03/2026 | B81: 29/03/2026 | C81: בזק-הוראות ק-י | D81: 703 | E81: 24.57 | F81: 0 | G81: 29055.37
A82: 29/03/2026 | B82: 29/03/2026 | C82: הוראת קבע | D82: 4837872 | E82: 0 | F82: 350 | G82: 29405.37 | H82: העברה מאת: תמר ברנר, דן ברנ 10-885-004050720 ועד בית דירה 49
A83: 31/03/2026 | B83: 31/03/2026 | C83: קונה בע"מ-י | D83: 1086 | E83: 4549.48 | F83: 0 | G83: 24855.89

Sheet April26
A1: בנק לאומי |
A2: מס' חשבון : ‏‏ ‎885-37554/82‎
A3: תאריך שמירה/הדפסה: 22/4/2026
A5: היתרה | C5: מסגרת האשראי | E5: נכון לתאריך
A7: ₪ 31,251.59 | C7: ₪ 0.00 | E7: 22.04.26
A8: * כולל תנועות היום
A11: * פירוט הפעולות להיום אינו סופי ועשוי להשתנות / לא להתבצע. יתכן שתהיינה פעולות נוספות שלא מופיעות בשלב זה
A12: תנועות בחשבון
A13: תאריך | B13: תאריך ערך | C13: תיאור | D13: אסמכתא | E13: בחובה | F13: בזכות | G13: היתרה בש"ח | H13: תאור מורחב
A14: 46026 | B14: 46026 | C14: הפקדת שיק | D14: 210835 | E14: 0 | F14: 350 | G14: 25205.89
A15: 46026 | B15: 46026 | C15: בנק הפועלים | D15: 99012 | E15: 0 | F15: 320 | G15: 25525.89 | H15: העברה מאת: ברייב יולי 12-701-000404014 ועד בית
A16: 46026 | B16: 46026 | C16: בנק הפועלים | D16: 99012 | E16: 0 | F16: 350 | G16: 25875.89 | H16: העברה מאת: רועי ולי-ש 12-700-000616685 ועד בית
A17: 46026 | B17: 46026 | C17: בנק הפועלים | D17: 99012 | E17: 0 | F17: 350 | G17: 26225.89 | H17: העברה מאת: מנגיסטו דג 12-703-000091338 לוועד הבית
A18: 46026 | B18: 46026 | C18: הוראת קבע | D18: 4873628 | E18: 0 | F18: 350 | G18: 26575.89 | H18: העברה מאת: אליזבט בינשטוק, 10-891-003641132 תשלום בהוראת קבע
A19: 46026 | B19: 46026 | C19: מסלול מורחב | D19: 44842 | E19: 25 | F19: 0 | G19: 26550.89
A20: 46026 | B20: 46026 | C20: עמל.ערוץ יש 16 | D20: 16 | E20: 26.4 | F20: 0 | G20: 26524.49 | H20: סכום החיוב מייצג את מספר התנועות שבוצעו בערוץ ישיר/פקיד. מספר התנועות מופיע בסמוך למלל. סכום העמלה לפעולה הינו כפי המופיע בתעריף העמלות ליחיד/תאגיד ובהתאם להטבות הקיימות ללקוח דהיינו סכום חיוב = מספר תנועות ערוץ פקיד/ישיר כפול תעריף העמלה בחשבון הלקוח
A21: 46085 | B21: 46085 | C21: נובולה בע"מ-י | D21: 42663 | E21: 77 | F21: 0 | G21: 26447.49
A22: 46085 | B22: 46085 | C22: הוראת קבע | D22: 4668970 | E22: 0 | F22: 350 | G22: 26797.49 | H22: העברה מאת: פריידמן נטליה 10-882-044876260 תשלום
A23: 46085 | B23: 46085 | C23: הוראת קבע | D23: 4878373 | E23: 0 | F23: 350 | G23: 27147.49 | H23: העברה מאת: גל ברזני, שני ול 10-635-001111123 וועד בית דירה 56
A24: 46146 | B24: 46146 | C24: בנק דיסקונט | D24: 99011 | E24: 0 | F24: 320 | G24: 27467.49 | H24: העברה מאת: אסרף אורטל 11-107-081754738
A25: 46146 | B25: 46146 | C25: בנק אוצר החיל | D25: 99014 | E25: 0 | F25: 350 | G25: 27817.49 | H25: העברה מאת: כחלון שלו ו/או ח 14-350-105236062 וועד בית דירה 25 (הערת לקוח)
A26: 46146 | B26: 46146 | C26: הוראת קבע | D26: 4789577 | E26: 0 | F26: 350 | G26: 28167.49 | H26: העברה מאת: קטרינה שליאק 10-838-002943311 דירה 43 משפחת שליאק
A27: 46177 | B27: 46177 | C27: הוראת קבע | D27: 4870113 | E27: 0 | F27: 350 | G27: 28517.49 | H27: העברה מאת: היבה ריזק 10-840-002040614 ועד בית דירה 32 קומה 7
A28: 46207 | B28: 46207 | C28: בנק הפועלים | D28: 99012 | E28: 0 | F28: 350 | G28: 28867.49 | H28: העברה מאת: זאדה הודיה 12-703-000404555 תשלום חודשי משפחת זאדה
A29: 46269 | B29: 46269 | C29: הוראת קבע | D29: 4763312 | E29: 0 | F29: 350 | G29: 29217.49 | H29: העברה מאת: יוספה אמור, בנימ 10-885-000271821 תשלום בהוראת קבע
A30: 46269 | B30: 46269 | C30: הוראת קבע | D30: 4899758 | E30: 0 | F30: 350 | G30: 29567.49 | H30: העברה מאת: וולושין אלכסנדר 10-879-057984481 ועד בית
A31: 46269 | B31: 46269 | C31: הוראת קבע | D31: 4932477 | E31: 7500 | F31: 0 | G31: 22067.49 | H31: העברה ל: גל אנתבי 20-505-00159972 תאריך סיום: 09.12.2027 ניקיון האגמית 7
A32: 46299 | B32: 46299 | C32: ש.שלמה חברה-י | D32: 44855 | E32: 981 | F32: 0 | G32: 21086.49
A33: 46299 | B33: 46299 | C33: בנק דיסקונט | D33: 99011 | E33: 0 | F33: 350 | G33: 21436.49 | H33: העברה מאת: סימקין טרוסטיאני 11-097-132698643 ועד הבית - סימקין דירה 21
A34: 46299 | B34: 46299 | C34: בנק דיסקונט | D34: 99011 | E34: 0 | F34: 350 | G34: 21786.49 | H34: העברה מאת: רומנו לינצקי סיו 11-107-075555974
A35: 46299 | B35: 46299 | C35: בנק דיסקונט | D35: 99011 | E35: 0 | F35: 350 | G35: 22136.49 | H35: העברה מאת: שרביט גל,טויזר נ 11-107-205119303 דירה 60
A36: 46299 | B36: 46299 | C36: בנק הפועלים | D36: 99012 | E36: 0 | F36: 350 | G36: 22486.49 | H36: העברה מאת: בייבקוב קו 12-701-000262613 דירה 9
A37: 46299 | B37: 46299 | C37: בנק הפועלים | D37: 99012 | E37: 0 | F37: 350 | G37: 22836.49 | H37: העברה מאת: צ`רניאק בו 12-703-000466089 דירה 44, תשלום ועד
A38: 46299 | B38: 46299 | C38: בנק הפועלים | D38: 99012 | E38: 0 | F38: 350 | G38: 23186.49 | H38: העברה מאת: אל איי הנד 12-703-000496840 ועד דירה 57
A39: 46299 | B39: 46299 | C39: בנק הפועלים | D39: 99012 | E39: 0 | F39: 350 | G39: 23536.49 | H39: העברה מאת: אסולין יעק 12-704-000263394 ועד בית
A40: 46299 | B40: 46299 | C40: בנק הפועלים | D40: 99012 | E40: 0 | F40: 350 | G40: 23886.49 | H40: העברה מאת: פולונסקי א 12-728-000012111 דירה 52
A41: 46299 | B41: 46299 | C41: בנק הפועלים | D41: 99012 | E41: 0 | F41: 350 | G41: 24236.49 | H41: העברה מאת: מוגילבסקי 12-728-000685973 תשלום וועד דירה 55
A42: 46299 | B42: 46299 | C42: בנק אוצר החיל | D42: 99014 | E42: 0 | F42: 350 | G42: 24586.49 | H42: העברה מאת: כהן אביאל 14-350-000175551 ועד בית
A43: 46299 | B43: 46299 | C43: בנק אוצר החיל | D43: 99014 | E43: 0 | F43: 350 | G43: 24936.49 | H43: העברה מאת: זלץ ניר ו/או נט 14-362-105079420 העברה לוועד בית
A44: 46299 | B44: 46299 | C44: בנק אוצר החיל | D44: 99014 | E44: 0 | F44: 350 | G44: 25286.49 | H44: העברה מאת: איטח ענת ו/או רפ 14-362-000321489 איטח ענת ורפי
... A55: 46360 | B55: 46360 | C55: העברה דיגיטל | D55: 235254 | E55: 0 | F55: 550 | G55: 29386.49 | H55: העברה מאת: סוזאנה שושנה 10-885-010687480 דירה 22 ועד אפריל קק חלק
A56: 14/04/2026 | B56: 14/04/2026 | C56: בנק אוצר החיל | D56: 99014 | E56: 0 | F56: 350 | G56: 29736.49 | H56: העברה מאת: מקייס סאספורתס ק 14-362-105318123 וועד (הערת לקוח)
A57: 14/04/2026 | B57: 14/04/2026 | C57: מהבינלאומי ס-י | D57: 99031 | E57: 0 | F57: 350 | G57: 30086.49 | H57: העברה מאת: לב משה ו/או מרקו 31-007-105009100 דירה 24 מש לב (הערת לקוח)
A58: 15/04/2026 | B58: 15/04/2026 | C58: מבנק יהב ס.-י | D58: 99004 | E58: 0 | F58: 350 | G58: 30436.49 | H58: העברה מאת: יונה חמד 04-140-000473912
A59: 15/04/2026 | B59: 15/04/2026 | C59: בנק הפועלים | D59: 99012 | E59: 0 | F59: 350 | G59: 30786.49 | H59: העברה מאת: ממן אושרי 12-703-000364148 תשלום ועד משפחת ממן
A60: 15/04/2026 | B60: 15/04/2026 | C60: בנק מזרחי | D60: 99020 | E60: 0 | F60: 350 | G60: 31136.49 | H60: העברה מאת: רובקין מרגריטה ו 20-444-000494106
A61: 15/04/2026 | B61: 15/04/2026 | C61: בנק מזרחי | D61: 99020 | E61: 0 | F61: 350 | G61: 31486.49 | H61: העברה מאת: בכר שי 20-523-000260701
A62: 15/04/2026 | B62: 15/04/2026 | C62: הוראת קבע | D62: 4795693 | E62: 0 | F62: 350 | G62: 31836.49 | H62: העברה מאת: חן לוי, נתנאל לו 10-885-002439793 שכר דירה
A63: 15/04/2026 | B63: 15/04/2026 | C63: הוראת קבע | D63: 4865441 | E63: 0 | F63: 350 | G63: 32186.49 | H63: העברה מאת: רביבו מאור 10-885-001567984 ועד בית דירה 6
A64: 15/04/2026 | B64: 15/04/2026 | C64: הוראת קבע | D64: 4865951 | E64: 0 | F64: 350 | G64: 32536.49 | H64: העברה מאת: טטיאנה סיגל, אלי 10-882-020472034 תשלום
A65: 15/04/2026 | B65: 15/04/2026 | C65: הוראת קבע | D65: 4870920 | E65: 0 | F65: 350 | G65: 32886.49 | H65: העברה מאת: גלמן אירינה 10-877-002493094 ועד בית
A66: 15/04/2026 | B66: 15/04/2026 | C66: הוראת קבע | D66: 4882283 | E66: 0 | F66: 350 | G66: 33236.49 | H66: העברה מאת: קטרין קוט 10-891-004022651 ועד דירה 51 אריסון
A67: 17/04/2026 | B67: 17/04/2026 | C67: בנק הפועלים | D67: 99012 | E67: 0 | F67: 350 | G67: 33586.49 | H67: העברה מאת: סיגלוב דמיטרי או 12-703-000021291 סיגלוב דירה 34
... A70: 20/04/2026 | B70: 20/04/2026 | C70: העברה דיגיטל | D70: 23703 | E70: 2006 | F70: 0 | G70: 31272.49 | H70: העברה אל: יעקב אלישע 12-719-000272874 האגמית 7 חיטוי מאגרים

Sheet קופה קטנה
A1: פריט | B1: ינואר | C1: פברואר | D1: מרץ | E1: אפריל | F1: מאי | G1: יוני | H1: יולי | I1: אוגוסט | J1: ספטמבר | K1: אוקטובר | L1: נובמבר | M1: דצמבר
A2: מנוע מפוח גג | B2: 10266
A3: אינטרקום - אבני שפה | B3: 500
A4: אינטרקום | C4: 14350
A5: אבני שפה כניסה קדמית | C5: 700
N42: סה"כ שנתי
A43: סה"כ | B43: =SUM(B2:B13) | C43: =SUM(C2:C13) | D43: =SUM(D2:D14) | E43: =SUM(E4:E18) | F43: =SUM(F4:F22) | G43: =SUM(G4:G26) | H43: =SUM(H4:H33) | I43: =SUM(I4:I33) | J43: =SUM(J4:J38) | K43: =SUM(K4:K40) | L43: =SUM(L36:L42) | N43: =SUM(B43:M43)
B47: 2024 | C47: 2025 | D47: 2026
A48: גביה 2024 | B48: 30000 | C48: 29833 | D48: ='גביה 2026'!Q62
A49: שימוש 2024 | B49: 20057 | C49: 33893 | D49: =N43
A58: סה"כ גביה | B58: =B48+C48+D48
A59: סה"כ שימוש | B59: =B49+C49+D49
A60: באחוזים | B60: =B59/B58

Sheet חוב דירה 13
A12: חוב שנת 2020
A13: דירה | B13: שם משפחה | C13: תשלום התחלתי חד פעמי | D13: יולי | E13: אוגוסט | F13: ספטמבר | G13: אוקטובר | H13: נובמבר | I13: דצמבר
A14: 13 | B14: בכר | C14: וועד | D14: וועד | E14: וועד | F14: וועד | G14: וועד | H14: וועד | I14: וועד
C15: 500 | D15: 320 | E15: 320 | F15: 320 | G15: 320 | H15: 320 | I15: 320
C16: טרם שולם | D16: טרם שולם | E16: טרם שולם | F16: טרם שולם | G16: טרם שולם | H16: טרם שולם | I16: שולם
A18: חוב שנת 2021
A19: דירה | B19: שם משפחה | C19: ינואר | D19: פברואר | E19: מרץ | F19: אפריל | G19: מאי | H19: יוני | I19: יולי | J19: אוגוסט | K19: ספטמבר | L19: אוקטובר | M19: נובמבר | N19: דצמבר | O19: תשלום לבדיקת מהנדס
A20: 13 | B20: בכר | C20: וועד | D20: וועד | E20: וועד | F20: וועד | G20: וועד | H20: וועד | I20: וועד | J20: וועד | K20: וועד | L20: וועד | M20: וועד | N20: וועד | O20: וועד
C21: 320 | D21: 320 | E21: 320 | F21: 320 | G21: 320 | H21: 320 | I21: 320 | J21: 320 | K21: 320 | L21: 320 | M21: 320 | N21: 320 | O21: 200
C22: שולם | D22: שולם | E22: שולם | F22: שולם | G22: שולם | H22: שולם | I22: טרם שולם | J22: טרם שולם | K22: טרם שולם | L22: טרם שולם | M22: טרם שולם | N22: טרם שולם | O22: טרם שולם
A24: חוב שנת 2022
A25: דירה | B25: שם משפחה | C25: ינואר | D25: פברואר | E25: מרץ | F25: אפריל | G25: מאי | H25: יוני | I25: יולי | J25: אוגוסט | K25: ספטמבר | L25: אוקטובר | M25: נובמבר | N25: דצמבר
A26: 13 | B26: בכר | C26: וועד | D26: וועד | E26: וועד | F26: וועד | G26: וועד | H26: וועד | I26: ממפיס | J26: ממפיס | K26: ממפיס | L26: ממפיס | M26: ממפיס | N26: ממפיס
C27: 320 | D27: 320 | E27: 320 | F27: 320 | G27: 320 | H27: 320 | I27: 320 | J27: 320 | K27: 320 | L27: 320 | M27: 320 | N27: 320
C28: טרם שולם | D28: טרם שולם | E28: טרם שולם | F28: טרם שולם | G28: טרם שולם | H28: טרם שולם | I28: טרם שולם | J28: טרם שולם | K28: טרם שולם | L28: טרם שולם | M28: טרם שולם | N28: טרם שולם
A30: חוב שנת 2023
A31: דירה | B31: שם משפחה | C31: ינואר | D31: פברואר | E31: מרץ | F31: אפריל | G31: מאי | H31: יוני | I31: יולי | J31: אוגוסט | K31: ספטמבר | L31: אוקטובר | M31: נובמבר | N31: דצמבר
A32: 13 | B32: בכר | C32: ממפיס | D32: ממפיס | E32: ממפיס | F32: ממפיס | G32: ממפיס | H32: ממפיס | I32: ממפיס | J32: ממפיס | K32: ממפיס | L32: ממפיס | M32: וועד | N32: וועד
C33: 320 | D33: 320 | E33: 320 | F33: 320 | G33: 320 | H33: 320 | I33: 320 | J33: 320 | K33: 320 | L33: 320 | M33: 320 | N33: 320
C34: טרם שולם | D34: טרם שולם | E34: טרם שולם | F34: טרם שולם | G34: טרם שולם | H34: טרם שולם | I34: טרם שולם | J34: טרם שולם | K34: טרם שולם | L34: טרם שולם | M34: שולם | N34: שולם
A36: שנת 2024
A37: דירה | B37: שם משפחה | C37: ינואר | D37: פברואר | E37: מרץ | F37: אפריל | G37: מאי | H37: יוני | I37: יולי | J37: אוגוסט | K37: ספטמבר | L37: אוקטובר | M37: נובמבר | N37: דצמבר | O37: תשלום קופה קטנה
A38: 13 | B38: בכר | C38: וועד | D38: וועד | E38: וועד | F38: וועד | G38: וועד | H38: וועד | I38: וועד | J38: וועד | K38: וועד | L38: וועד | M38: וועד | N38: וועד | O38: וועד
C39: 320 | D39: 320 | E39: 320 | F39: 320 | G39: 320 | H39: 320 | I39: 320 | J39: 320 | K39: 320 | L39: 320 | M39: 320 | N39: 320 | O39: 320
C40: שולם | D40: שולם | E40: שולם | F40: שולם | G40: שולם | H40: שולם | I40: שולם | J40: שולם | K40: שולם | L40: שולם | M40: שולם | N40: שולם | O40: שולם
C42: סיכום
D43: שנת 2020 | E43: שנת 2021 | F43: שנת 2022 | G43: שנת 2023 | H43: שנת 2024 | I43: סה"כ | J43: ינואר 24 | K43: פברואר 24 | L43: מרץ 24 | M43: אפריל 24 | N43: מאי 24 | O43: יוני 24 | P43: יולי 24 | Q43: אוגוסט 24 | R43: ספטמבר 24 | S43: אוקטובר 24 | T43: נובמבר 24 | U43: דצמבר 24
C44: וועד | D44: 2100 | E44: 2120 | F44: 1920 | G44: 0 | H44: 500 | I44: =SUM(D44:H44) | K44: 500 | R44: 670 | S44: 1340 | T44: 670
C45: ממפיס | F45: 1920 | G45: 3200 | I45: =SUM(D45:H45)
C46: סה"כ | D46: 2100 | E46: 2120 | F46: 3840 | G46: 3200 | H46: 500 | I46: =SUM(D46:H46)
C47: שולם | H47: 2510
C49: שולם | J49: ינואר 25 | K49: פברואר 25 | L49: מרץ 25 | M49: אפריל 25 | N49: מאי 25 | O49: יוני 25 | P49: יולי 25 | Q49: אוגוסט 25 | R49: ספטמבר 25 | S49: אוקטובר 25 | T49: נובמבר 24 | U49: דצמבר 25
P50: 833 | R50: 833
E53: חלק | F53: תשלומים | G53: שולמו | H53: סה"כ | I53: סה"כ שולם | J53: סה"כ חוב
E54: 1 | F54: 670 | G54: 6 | H54: 12 | I54: =G54*F54 | J54: =H54*F54 | K54: =I54/J54
E55: 2 | F55: 213 | G55: 2 | H55: 24 | I55: =G55*F55 | J55: =H55*F55 | K55: =I55/J55
E56: סה"כ | I56: =SUM(I54:I55) | J56: =SUM(J54:J55)
I58: יתרת חוב | J58: =J56-I56
A66: תאריך שמירה/הדפסה: 15/2/2026
A68: היתרה | C68: מסגרת האשראי | E68: נכון לתאריך
A70: ₪ 31,538.78 | C70: ₪ 0.00 | E70: 15.02.26
A71: * כולל תנועות היום
A75: תנועות בחשבון
A76: תאריך | B76: תאריך ערך | C76: תיאור | D76: אסמכתא | E76: בחובה | F76: בזכות | G76: תאור מורחב | H76: הערה
A77: 19/02/2024 | B77: 19/02/2024 | C77: בנק מזרחי | D77: 99020 | E77: 0 | F77: 500 | G77: העברה מאת: בכר שי 20-523-000260701 דירה 13
A78: 45421 | B78: 45421 | C78: בנק מזרחי | D78: 99020 | E78: 0 | F78: 670 | G78: העברה מאת: בכר שי 20-523-000260701 תשלום ראשון
A79: 13/10/2024 | B79: 13/10/2024 | C79: בנק מזרחי | D79: 99020 | E79: 0 | F79: 670 | G79: העברה מאת: בכר שי 20-523-000260701
A80: 13/10/2024 | B80: 13/10/2024 | C80: בנק מזרחי | D80: 99020 | E80: 0 | F80: 670 | G80: העברה מאת: בכר שי 20-523-000260701
A81: 22/11/2024 | B81: 22/11/2024 | C81: בנק מזרחי | D81: 99020 | E81: 0 | F81: 670 | G81: העברה מאת: בכר שי 20-523-000260701 תשלום
A82: 24/03/2025 | B82: 24/03/2025 | C82: בנק מזרחי | D82: 99020 | E82: 0 | F82: 820 | G82: העברה מאת: בכר שי 20-523-000260701
A83: 21/07/2025 | B83: 21/07/2025 | C83: בנק מזרחי | D83: 99020 | E83: 0 | F83: 883 | G83: העברה מאת: בכר שי 20-523-000260701
A84: 14/09/2025 | B84: 14/09/2025 | C84: בנק מזרחי | D84: 99020 | E84: 0 | F84: 883 | G84: העברה מאת: בכר שי 20-523-000260701
A87: בנק לאומי |
A88: מס' חשבון : ‏‏ ‎885-37554/82‎
A89: תאריך שמירה/הדפסה: 15/2/2026
A91: היתרה | C91: מסגרת האשראי | E91: נכון לתאריך
A93: ₪ 31,538.78 | C93: ₪ 0.00 | E93: 15.02.26
A94: * כולל תנועות היום
A98: תנועות בחשבון
A99: תאריך | B99: תאריך ערך | C99: תיאור | D99: אסמכתא | E99: בחובה | F99: בזכות | G99: תאור מורחב | H99: הערה
A100: 45242 | B100: 45242 | C100: מבנק יהב ס.-י | D100: 99004 | E100: 0 | F100: 320 | G100: העברה מאת: בכר שי נפתלי 04-233-000113835 וועד בית
A101: 45566 | B101: 45566 | C101: מבנק יהב ס.-י | D101: 99004 | E101: 0 | F101: 320 | G101: העברה מאת: בכר שי נפתלי 04-233-000113835 וועד בית
A102: 15/02/2024 | B102: 15/02/2024 | C102: בנק מזרחי | D102: 99020 | E102: 0 | F102: 320 | G102: העברה מאת: בכר שי 20-523-000260701
A103: 19/02/2024 | B103: 19/02/2024 | C103: בנק מזרחי | D103: 99020 | E103: 0 | F103: 500 | G103: העברה מאת: בכר שי 20-523-000260701 דירה 13
A104: 15/03/2024 | B104: 15/03/2024 | C104: בנק מזרחי | D104: 99020 | E104: 0 | F104: 320 | G104: העברה מאת: בכר שי 20-523-000260701
A105: 15/04/2024 | B105: 15/04/2024 | C105: בנק מזרחי | D105: 99020 | E105: 0 | F105: 320 | G105: העברה מאת: בכר שי 20-523-000260701
A106: 15/05/2024 | B106: 15/05/2024 | C106: בנק מזרחי | D106: 99020 | E106: 0 | F106: 320 | G106: העברה מאת: בכר שי 20-523-000260701
A107: 16/06/2024 | B107: 16/06/2024 | C107: בנק מזרחי | D107: 99020 | E107: 0 | F107: 320 | G107: העברה מאת: בכר שי 20-523-000260701
A108: 15/07/2024 | B108: 15/07/2024 | C108: בנק מזרחי | D108: 99020 | E108: 0 | F108: 320 | G108: העברה מאת: בכר שי 20-523-000260701
A109: 15/08/2024 | B109: 15/08/2024 | C109: בנק מזרחי | D109: 99020 | E109: 0 | F109: 320 | G109: העברה מאת: בכר שי 20-523-000260701
A110: 45421 | B110: 45421 | C110: בנק מזרחי | D110: 99020 | E110: 0 | F110: 670 | G110: העברה מאת: בכר שי 20-523-000260701 תשלום ראשון
A111: 15/09/2024 | B111: 15/09/2024 | C111: בנק מזרחי | D111: 99020 | E111: 0 | F111: 320 | G111: העברה מאת: בכר שי 20-523-000260701
A112: 13/10/2024 | B112: 13/10/2024 | C112: בנק מזרחי | D112: 99020 | E112: 0 | F112: 670 | G112: העברה מאת: בכר שי 20-523-000260701
A113: 13/10/2024 | B113: 13/10/2024 | C113: בנק מזרחי | D113: 99020 | E113: 0 | F113: 670 | G113: העברה מאת: בכר שי 20-523-000260701
A114: 15/10/2024 | B114: 15/10/2024 | C114: בנק מזרחי | D114: 99020 | E114: 0 | F114: 320 | G114: העברה מאת: בכר שי 20-523-000260701
A115: 15/11/2024 | B115: 15/11/2024 | C115: בנק מזרחי | D115: 99020 | E115: 0 | F115: 320 | G115: העברה מאת: בכר שי 20-523-000260701
A116: 22/11/2024 | B116: 22/11/2024 | C116: בנק מזרחי | D116: 99020 | E116: 0 | F116: 670 | G116: העברה מאת: בכר שי 20-523-000260701 תשלום
A117: 15/12/2024 | B117: 15/12/2024 | C117: בנק מזרחי | D117: 99020 | E117: 0 | F117: 320 | G117: העברה מאת: בכר שי 20-523-000260701
A118: 16/02/2025 | B118: 16/02/2025 | C118: בנק מזרחי | D118: 99020 | E118: 0 | F118: 320 | G118: העברה מאת: בכר שי 20-523-000260701
A119: 24/03/2025 | B119: 24/03/2025 | C119: בנק מזרחי | D119: 99020 | E119: 0 | F119: 820 | G119: העברה מאת: בכר שי 20-523-000260701
A120: 15/04/2025 | B120: 15/04/2025 | C120: בנק מזרחי | D120: 99020 | E120: 0 | F120: 320 | G120: העברה מאת: בכר שי 20-523-000260701
A121: 15/05/2025 | B121: 15/05/2025 | C121: בנק מזרחי | D121: 99020 | E121: 0 | F121: 320 | G121: העברה מאת: בכר שי 20-523-000260701
A122: 15/06/2025 | B122: 15/06/2025 | C122: בנק מזרחי | D122: 99020 | E122: 0 | F122: 320 | G122: העברה מאת: בכר שי 20-523-000260701
... A131: 15/01/2026 | B131: 15/01/2026 | C131: בנק מזרחי | D131: 99020 | E131: 0 | F131: 350 | G131: העברה מאת: בכר שי 20-523-000260701
